protein_id,feature_1,feature_2,feature_3,feature_4
PROT_0000,0.4909523718436153,0.9239195184023975,0.379289933211214,-0.07972482327686982
PROT_0001,0.7157282090775072,0.46105564695997125,1.1245324485082024,0.26726416415365517
PROT_0002,1.2548316393584176,0.12042533294057235,-1.657644573028172,1.9241224861779334
PROT_0003,0.20673793201046017,-0.07811381451253253,0.1102731383135181,-0.156518577168366
PROT_0004,0.4504052603949717,0.5259279813017771,-0.8207080904919369,-0.2597356164031046
PROT_0005,0.522261102660168,-2.133245724485932,2.910354631688161,-1.220826355803981
PROT_0006,0.8197076888352615,0.5283733478403652,-0.17365556340944371,0.3685961404261807
PROT_0007,1.0495749633783367,-0.9478924051439558,0.9308118044658615,-0.03446790721726286
PROT_0008,-0.49782156543347555,1.5128270348046853,-0.7777659919839597,-0.2969852505853854
PROT_0009,0.9398306273264176,0.39469662599705413,1.5452971336691332,0.2686796568175953
PROT_0010,0.30516876928277625,-0.4450447804017189,0.06532209814566813,0.122444916080175
PROT_0011,-1.1348675987868675,-0.7249350533632279,-1.2159280256982516,0.694552034747764
PROT_0012,0.3636652483571619,0.3084386922920442,0.46869835400712545,0.21379607467475933
PROT_0013,1.930529182581119,0.8481284291696123,0.2340055828011616,0.18749986904842544
PROT_0014,-0.9821122901912187,-0.34444978619944816,0.5453493447014242,1.0658403316513205
PROT_0015,1.271718458839365,0.24709540928473722,-0.053383728749410296,0.38606340941520023
PROT_0016,-0.6462791001843295,-0.06410671958473485,0.6616789472086767,-0.6142712599295551
PROT_0017,0.5133732054545073,0.12439163372632034,-0.7250001491511769,0.4584452192933279
PROT_0018,-2.017205115677284,0.09861638682798304,-0.018377199715924632,-1.553256113706997
PROT_0019,0.8483441081462988,-1.0011146700771787,0.7348573772564505,-0.6700016475397135
PROT_0020,-0.5619250655916364,-0.9769366646145591,-0.0998465825245369,-0.4608581436424273
PROT_0021,0.8593945447574384,-0.9774656102940512,1.1360936897307057,-0.11893648190851815
PROT_0022,-1.934164526219489,-0.7797616007330255,-0.8754431754154302,0.12568224074681333
PROT_0023,0.9235946322815524,-0.3084912135380857,0.21257873775191904,0.09676502350296522
PROT_0024,-1.3053300261287306,1.238666437482425,1.652882433617025,-0.19830815515904568
PROT_0025,-0.9391874111479281,-0.2931330080344721,-1.2626115955225858,-0.7394749179329192
PROT_0026,0.2743197608121022,0.5876542948158174,-0.4735089816835968,0.6237788498258382
PROT_0027,0.39846178120525655,-0.9933012604667761,-1.7741549429330845,-0.6014482040161913
PROT_0028,2.4395185282441276,0.16284644406998042,-0.5230141979851132,-1.3607689420770894
PROT_0029,1.3351286043410333,-0.900995829548676,1.218844014848243,-0.6669339404884125
PROT_0030,1.449865322929071,-1.2188378604750754,-1.6527431257235072,0.20151078590573648
PROT_0031,0.6671530976524922,-0.47850026449394695,-0.7836402515865574,-0.24995697775674414
PROT_0032,-0.612084671424718,1.1081064508131366,-2.135397585288774,-0.9232095395491966
PROT_0033,-1.539188276160113,0.13262993410181032,0.3327371486564203,0.955918496887162
PROT_0034,0.01633724797429332,-1.0745455095348757,-0.6077430535093482,0.520756470395576
PROT_0035,0.12334521701412046,1.8109390240693326,0.8641197527826833,0.3707857591950985
PROT_0036,1.0471965535463408,-0.6919543822880461,-0.6008624591870361,1.4469049174028097
PROT_0037,-0.36386563901590796,2.2570948964563193,0.4981812706854387,1.3558256475030146
PROT_0038,1.801161399810703,-0.20046937891465277,-0.9431223393334796,-0.5427014274379773
PROT_0039,-0.08998441164650864,0.8541530539595996,-0.6167724954822625,0.9286968618621657
PROT_0040,-2.0806260575278164,0.7779524941326054,0.5157137265613582,-0.2900590037508274
PROT_0041,-1.091232356935329,-2.618137165350656,-0.7895152164187611,0.6023671549172819
PROT_0042,-0.9483214627452616,-0.7738991041662365,-0.22002786559343346,-2.4255286726448064
PROT_0043,0.34001602055813007,-1.681494260612276,1.7434930002307754,1.7896722364497666
PROT_0044,0.7205518144823133,-0.5490725852695341,0.5876158955122699,-1.2495537720790637
PROT_0045,0.3920181546336884,-1.5756248314117074,0.027649580873637145,-0.20388522686085975
PROT_0046,0.6988773917859767,0.1344668738641994,-0.6464586067774049,-1.1388650620205705
PROT_0047,-2.411251650025298,-0.16511060086698964,0.7026202238432299,-2.3039822795592997
PROT_0048,1.2112236962934162,0.7638387045956522,-1.234085785248235,0.103783284415834
PROT_0049,0.12800237819327415,-1.0564351636608653,0.5295161209143735,-2.225575165244294
PROT_0050,0.05040102253746424,-0.39000670472268617,-1.033097607958007,-2.5212329888259095
PROT_0051,-0.7190304073567437,0.33315334454294704,-2.5052415636500713,-0.3206921598400033
PROT_0052,1.9354698241959072,1.0025006358723372,-0.02631716549480648,0.9208637725996853
PROT_0053,-0.20781002836902326,0.34882460653333835,-2.080170454727114,-0.5253198183278599
PROT_0054,-0.41196662936877654,0.13152770404446265,0.6661012526588028,0.8939238829370714
PROT_0055,-1.6852243495738404,-0.7423038327503316,-0.15095647356052594,-1.132889261470822
PROT_0056,-0.6286139712739698,2.0818434314584096,0.7288853135532233,0.47960184762848357
PROT_0057,0.7067940620902606,0.4633783989438396,-1.9065517634180429,1.209548810664775
PROT_0058,0.09885897799067953,-0.7768717828941291,-1.23839293195345,1.1014377246467095
PROT_0059,1.5049872040274546,-0.3965423548079879,0.4438994318021707,1.0213195122021947
PROT_0060,0.683019625902009,0.12777717734026792,-2.2635495814573994,0.8341920899943336
PROT_0061,0.17073728726376275,-0.5186339753575683,1.2305301528637782,-1.2063766946980803
PROT_0062,0.5762430307466889,1.6098199665860615,0.46295315227815453,-0.7170558161114219
PROT_0063,-0.09053418200199821,-1.5202152463669334,-1.6284237289239325,0.6934616976941096
PROT_0064,0.06673631020478009,0.8837015240815717,0.98340346133723,0.4736818009783544
PROT_0065,0.3554366347092644,2.475122310303258,-0.42018050997022127,-0.37844019497161147
PROT_0066,0.6802264307866048,0.535593982042921,0.32226386223232073,0.3607082936524898
PROT_0067,-1.4036241092433386,0.2891976963901784,0.36392373974260883,-0.8222639040809737
PROT_0068,0.6793835218049082,1.1330390283150447,-1.4546256369190647,0.957092248285491
PROT_0069,-0.9916721008618875,0.16293839944613034,0.6023341221569812,-0.43506078560639233
PROT_0070,-0.4799983354067626,-1.3642322214176872,1.764595139802703,-0.9032991889847481
PROT_0071,1.0935502551292338,-0.24022437884419628,0.13554548721966436,1.8636258290534815
PROT_0072,-1.8171460057167415,-0.23070157659286564,-1.9079111289094077,0.3006330646648997
PROT_0073,0.5828106410393233,0.2945159115964476,1.7239517130732727,-0.9449012891902006
PROT_0074,-0.8323616008782753,0.4001785916167846,-0.7588573954998021,0.45268090100635594
PROT_0075,0.7941572499293194,-1.4037194058494853,0.5771410080511687,0.6772857901742179
PROT_0076,-1.7061163814715261,0.607218329440872,0.8481936006625715,-1.966896232554259
PROT_0077,2.46260514371417,-1.0138713508566424,0.6842866121668449,-0.5531293099632222
PROT_0078,-0.8270657865652399,0.3140905530704238,0.41278131597319356,-0.23290614206908758
PROT_0079,-0.3199610049008032,0.004398237475829256,-1.1830369868438453,-0.20309093571924258
PROT_0080,-0.07684939823196252,-1.6149728657232914,1.1394816989836916,-1.2531842005344702
PROT_0081,-1.3514463879244432,-0.29074521559430266,0.3492788594094932,-0.00208925138523352
PROT_0082,0.6239179687737316,1.6010162516593662,-0.18716500930800808,-0.16434095669446894
PROT_0083,-0.0435837928769972,-2.5361954115151146,0.6045327044910485,2.3015232514044297
PROT_0084,0.07547381446593035,1.1220610192242333,0.45318244041852446,-0.26450497459006383
PROT_0085,0.7789935076419863,1.6212936607978965,-1.0441543551192882,-2.5151761440318143
PROT_0086,-0.2620238004111218,1.5653138172745191,0.5111408570346531,1.1334215121360036
PROT_0087,0.22719618228349278,-0.08645097599233678,-0.052624391258187006,-0.1626587365102257
PROT_0088,1.6465249628155791,0.5569291784566033,0.0462906812240527,0.09202211595099508
PROT_0089,-0.4505993745386509,0.6850693021929881,0.7670649230912167,-0.8406189157054268
PROT_0090,-0.41718033044464564,-0.5590712563106077,-0.09031326762647808,1.384784169619424
PROT_0091,0.5375593513441171,-0.7528374613646334,0.056849803423215675,2.7122435302662966
PROT_0092,0.970944381570167,-1.0356166288251745,0.11210402433193548,-1.6056954971199562
PROT_0093,-1.7901393986246044,0.18390647299087523,-1.9807725768496165,-0.4765624433484968
PROT_0094,-1.2406355865205514,2.106857559739159,-0.6435657400963624,-0.32168646271163626
PROT_0095,0.6340697964972286,0.461934889741204,1.6814924635993345,1.055232873190722
PROT_0096,-1.3221750306275177,-1.8094517222947228,-1.1064066918565953,1.4687086744391777
PROT_0097,-0.3029615702114819,-1.4779672498572831,0.5848758342576094,-0.2454134157637505
PROT_0098,-0.3232801914030474,-0.08263811273295256,0.44754473949561535,-2.859800544135658
PROT_0099,1.8086490826439587,0.506784106443127,0.9004097738360045,0.06706987116520725
PROT_0100,-0.4746725429452709,0.35836544945540166,-0.006200606977306688,-0.9887359557094016
PROT_0101,-1.1258191496227452,-1.449091954438852,-1.0497884609061008,0.19225726528325804
PROT_0102,0.5647443954409801,0.9892978602480454,-3.3380868537244437,-0.23322894544959902
PROT_0103,0.18971585049757314,-0.5135803135859002,1.1298517565560091,0.12234470774753198
PROT_0104,-1.3501387906848472,-0.13979499059082565,-0.825858055570329,0.7326108905432911
PROT_0105,0.18806883081813047,-0.628276215729739,-2.1157091488157413,1.5638855478942977
PROT_0106,0.43274001326704076,-0.182730167738553,0.3809955805124762,2.552803427461994
PROT_0107,-0.961142300539592,1.1247575899016478,-0.9801608982699357,0.1830625704355797
PROT_0108,-0.3659390219787918,-1.2419015225563077,0.06650513656370789,0.09185653782395634
PROT_0109,-0.41808274938935414,0.41311875231102996,0.169002248058016,2.628765830377763
PROT_0110,1.8789257920399647,1.6663636713751764,-1.11795556785603,-1.1982044860263716
PROT_0111,1.0145357628874232,1.1580419088538876,-1.2842702606332561,-0.49897989382575375
PROT_0112,0.2551675304607779,1.9912720562966977,-0.1163820298435926,0.5664882152952254
PROT_0113,-0.7778697596770991,0.8557011272733344,-1.134494156213974,-0.23307621403238168
PROT_0114,0.9455369428799832,1.2001959383494252,-0.608933126447416,-0.7709491026981109
PROT_0115,1.86436846631781,0.7191143142634199,0.1879434657366866,-1.6970358699312746
PROT_0116,-0.7866484702802203,0.814496078396608,-0.00120996476715238,-0.7222076880720797
PROT_0117,-1.1858982414487258,-1.1527850225432634,-0.843787044800195,-0.8250802203625941
PROT_0118,1.2510539348013823,0.6461049118284011,-0.9781634519791909,-0.7801000612911844
PROT_0119,0.23018171604708285,0.6455492447302145,0.9863585303784865,1.3857777900163422
PROT_0120,1.6813100938091319,-0.314820767001755,-0.1654790584523982,-0.5670588814505438
PROT_0121,1.4632508106272752,-0.12934205461291115,0.21917525603085894,-0.33911976250416653
PROT_0122,0.6059385018608491,-3.0467434707803958,-0.28941275138950373,0.407065357120225
PROT_0123,-0.993858860130992,1.0781740899467356,-0.07209562946408536,-0.855158422333945
PROT_0124,0.17299394924241107,-0.10602261779929294,-0.8776881688784425,0.013900064189399186
PROT_0125,0.8888076358029645,-1.5867439342462195,0.3980194060366616,-1.0695120328845118
PROT_0126,0.07055598317676341,1.65685616764515,1.2015076084013532,-1.0613013659650747
PROT_0127,0.8611699505550107,-0.36294733621636016,-0.8689953615400869,-1.0500448201228545
PROT_0128,0.344846933114575,-0.24913802097213275,-0.6303436867448258,0.8113937074095575
PROT_0129,-0.29937121824441043,0.7998802923575932,0.08416532661440189,1.0103735770933033
PROT_0130,0.05439615443359672,1.0992130300282776,0.011308780705385097,-0.3892499798774503
PROT_0131,1.263324852298796,-0.45473572016172115,-1.1105632743727574,0.40339149684321784
PROT_0132,-1.187712478191317,0.5795340724185958,0.13283784081384944,-1.026036656961564
PROT_0133,0.013731575600898882,0.040132934895922213,-0.968056389878337,0.27629975393657596
PROT_0134,-0.4687755472638258,-0.5441777469290211,1.2059505813988247,0.2439390192226847
PROT_0135,0.2482069340727614,-0.5557207128216068,-0.14154551606388038,-1.3362954629994566
PROT_0136,-0.34736037938327746,-1.0612125151894456,-0.8225918572659784,0.8705825102636131
PROT_0137,0.27688661255521196,-0.31498442225505047,0.2798728958971668,-0.6620465573997851
PROT_0138,0.7568982306871423,0.07253218735006563,0.5518578206993164,-1.0010362699066977
PROT_0139,-1.1111795145390544,-1.8377396746286854,-0.7064813912094695,1.706690658478287
PROT_0140,-0.7005021264385207,-0.9543159255177734,-0.25627981982663495,-0.02852546462254875
PROT_0141,-1.9072704408164658,-0.6701194812358784,-1.072390502835726,-0.34079562082311876
PROT_0142,-0.40893066440196624,0.13176709921926194,-1.6298416426799125,-0.36835648442894825
PROT_0143,-0.12978991413447483,-1.33150702246066,-1.2585080445248042,-0.6835230004760565
PROT_0144,1.3061173321985944,-2.6539008532282917,0.6300899685543442,0.4870787809556792
PROT_0145,0.7508291438117669,0.17364966685081212,0.39995955189320576,1.2708297707118927
PROT_0146,0.9138197232897352,0.23255278180898004,-1.1109424962862398,-0.47583793673116287
PROT_0147,-0.3102101820462409,-1.5899361319639118,-0.20259474967748772,1.1394330620159099
PROT_0148,-0.03790425534098521,-1.586581116384721,-0.7685326968145043,-1.1193291638539553
PROT_0149,0.331372751059883,-1.322758106379533,0.8671071899948642,-0.7092713171003893
PROT_0150,-0.45004262336133855,-1.6808697019478402,1.5282731536323404,-0.16148812166208995
PROT_0151,-0.6227807350930715,-1.333632736767181,-0.7993137846034228,0.8433620532460556
PROT_0152,-0.6923847451675976,-1.3859075029390036,-0.9907748546206402,-0.12178324888098835
PROT_0153,1.4643411487582048,-1.0444088716575501,-0.6741351907354646,1.56607204488028
PROT_0154,0.7087480101539506,0.40343634505586273,-0.09690788906247726,-1.3752499549767911
PROT_0155,1.2611350114482311,0.3738396420874719,0.816515999776426,0.8193651962280507
PROT_0156,0.12954584417638787,0.49510270601381456,0.14891003013877455,0.3722966435710403
PROT_0157,-1.1462453111821849,0.5535508503304052,1.5232269649930763,0.4141083824213119
PROT_0158,-0.23122008498261754,-0.5932741226317096,-0.32038982536644817,0.5033265766685123
PROT_0159,-1.1119262060527275,1.1718872397126685,1.0180166780022868,1.0325154028077619
PROT_0160,-1.5264280616068957,2.645172359534867,-1.14588939542886,-1.6836573418253598
PROT_0161,0.5985659177009401,-1.2175100001289207,-1.1772773504086909,-0.507495515083397
PROT_0162,-0.6543445854454888,-0.5361594488221342,-0.3094521988156561,-0.3725018317133267
PROT_0163,-0.589221058904613,1.0580117153251134,1.094030192625156,0.3753435863535999
PROT_0164,-1.5089161601848178,0.33697362894356586,-1.0467326327101258,2.2720381541667996
PROT_0165,1.1599761238510056,2.1843140903904867,-1.2828313362173074,-0.6958132161112842
PROT_0166,0.39399590003357565,-0.6939266713224161,-0.025645437921190038,0.903486643425645
PROT_0167,-1.4534295511938846,-2.2077470296942185,-1.386424151350018,-1.1961556606295225
PROT_0168,-1.8945364294562528,0.1147572922689227,1.6905964639779647,-0.3529763141678401
PROT_0169,0.9705780280525907,0.19509978319023427,-0.5453372265540826,-0.6998485576503178
PROT_0170,0.26242395215310016,0.618651788679313,-0.18196154859221622,-0.2693202711045577
PROT_0171,1.44028905534195,-2.2036446402915586,1.4764612136936706,-0.43461987181121037
PROT_0172,1.0528832795582055,1.7203021700487864,-0.05254197613302781,1.9485636358026843
PROT_0173,-0.09478955029483903,-0.33739108417991726,0.19222203696444834,0.9959609393535558
PROT_0174,0.24014306724393555,-1.1260012259416454,-1.4067967946105666,-0.2536385327666623
PROT_0175,0.7762465599278562,0.017574228105267025,-0.2777331891160968,1.137325161651867
PROT_0176,1.4522873531324005,-0.936617878076535,0.8100938404730867,0.23615097327074455
PROT_0177,0.5620111271501135,-2.126064198192828,-0.33313856972615136,-1.423985807152315
PROT_0178,-0.5953141595474083,2.3153640980725667,-1.6445711837752055,0.077461589592839
PROT_0179,1.7868209803758477,-1.093257171577742,0.03481267199026164,0.06767275042647707
PROT_0180,-0.022989447304856126,-0.2494940215340148,0.5166223447083469,-1.1224856601773798
PROT_0181,-0.6934001132442452,0.36536029499483497,1.1046645937211024,1.129651405829642
PROT_0182,0.8466592706506667,-0.9639228697882727,-0.6267996125810815,-1.64630252300339
PROT_0183,1.5807849603134916,0.17342239189672368,-0.0061697343178196305,-0.07461217657968887
PROT_0184,0.2108493293164093,-0.460693211384769,0.705307029875131,1.689165064319811
PROT_0185,0.6960292089822536,-0.38289052935999485,0.6587005481761128,-0.16970148839877958
PROT_0186,1.5327336766229809,-0.7201762176474122,-1.2307240828701298,0.8840605216124662
PROT_0187,-1.277274410768677,1.0278280851426045,0.28357273748767103,0.08079073149019621
PROT_0188,-1.1087915810390425,-1.1399708461292533,-1.6608771489382015,-1.4283033607884936
PROT_0189,-1.142156324732791,-0.13835768579532817,-1.2825933458596268,0.6334780116928249
PROT_0190,0.14254841308475458,0.8071498508313482,1.071521203019368,-1.6786932017395326
PROT_0191,-0.8882453451485821,-0.43857790560901977,0.5005859540074831,1.2032809710128134
PROT_0192,-0.0070099924408505675,0.6853734830801774,1.2595012737239462,0.1312516376462589
PROT_0193,1.6514145853371889,-1.6209782309149061,-1.6066264044702556,-0.8205304941258074
PROT_0194,-0.8883714454039314,-0.501545009728941,0.053803089030547556,0.2943877906108572
PROT_0195,0.8445381709253519,0.10858595151140377,-1.2864034370099922,-0.37767475467486056
PROT_0196,-1.2862080295122322,-1.3387918516358792,0.07141103108475173,0.32328081236745754
PROT_0197,1.3223035266782046,1.1525796710375704,0.8511584232455575,-0.511480422929517
PROT_0198,-1.046255523442918,-0.7568314808031641,0.7644899447265422,0.6958973573874394
PROT_0199,-0.883194784213164,0.7207793918660242,0.6386255742448151,-1.2226505588652026
PROT_0200,-0.9631964104731502,0.8055444166620715,-0.36989522436231737,-1.541853411701137
PROT_0201,0.30404766100621994,-0.9012807832316599,0.09678829028198997,0.6756449876956439
PROT_0202,1.9561814502312957,-1.5866518445586784,1.3891973041090981,-0.758175770429294
PROT_0203,-1.7945457781962368,-0.08714392837041493,0.6399700377072717,-1.2954497575663249
PROT_0204,1.042610095833808,-1.6760602705019012,-0.5836770824151509,0.9922897702336585
PROT_0205,-1.1262724101563424,0.052216210436343884,-0.7260442421837665,-0.5833341256650448
PROT_0206,-1.2590015023899075,-1.1111328158199059,1.574605906472008,-0.01904218489519492
PROT_0207,0.5953249844509984,-0.42565408593338105,-1.1373664457999717,2.0635561602792047
PROT_0208,-0.24363366539500322,-0.38861440268838193,0.6128714533011785,1.4062216397156329
PROT_0209,-0.23742948194185706,-0.3178879781759738,0.2490040370649327,0.05097032259657396
PROT_0210,0.5128029699427684,-0.44829945111231934,0.1426280312907391,0.7810259976099667
PROT_0211,-1.4792882523439912,0.8190119282604466,-1.3672254059234261,0.2586685722666764
PROT_0212,1.0316446256648637,-0.27502499975952965,0.11856749796675038,0.05473709211277092
PROT_0213,-0.6149557724220848,-0.7221390766473488,-1.097153675361328,1.0859163548927815
PROT_0214,-0.1291140314489628,0.6074930263236906,1.0074279064787026,0.16320846443541376
PROT_0215,-0.48290416649345674,0.7701888058000601,-2.0303173890056283,-0.07705865218974843
PROT_0216,-0.8788383228968367,-0.5913275833886625,-0.38601860757364626,-0.7051259207778647
PROT_0217,1.1072084467282028,0.0380990684723474,0.29860469504924847,0.7292475352511124
PROT_0218,-0.6703865328945142,0.7822856283583931,-0.3948809238356576,0.7032311737617749
PROT_0219,-0.43025788448586616,1.2396565661959593,0.7986870597515259,-0.5592612398028559
PROT_0220,-2.168509892909571,-1.225933577210379,1.1436775548708322,0.26371441868677153
PROT_0221,-0.8317476097382563,-0.08293739364533168,0.5490752994514652,0.7079622053665268
PROT_0222,-0.18708689803364814,2.4978223685738894,2.4410053742660875,-1.1830669481636316
PROT_0223,-1.410412007728164,-0.6803420242586731,-0.12032879098287111,-1.0470956461313938
PROT_0224,0.983312544242366,-2.4219433117638194,0.9475786782999911,-0.7435176042684227
PROT_0225,-0.6166603155074087,-0.13635058951793758,-1.9442965059107722,0.6633380686838755
PROT_0226,-0.22439647158261852,-1.1665520053824212,-0.9394661197180696,-1.03261862591985
PROT_0227,-0.07551757030648791,0.26605378219876397,1.9957901750917308,0.18946900003945044
PROT_0228,0.04600654064869524,1.7267032545352523,1.476476897343498,0.6013457524115913
PROT_0229,0.15703114183292052,0.3340508285573673,0.6407236442160084,0.7573629818819816
PROT_0230,0.8872528859178703,-0.8157089151248408,0.1611249748201526,0.3105039025868965
PROT_0231,0.9858261289490037,0.21078993572297228,0.8028234551609195,1.3258222723890871
PROT_0232,0.7998099419097267,0.8232160806414138,-0.3311892640718811,1.0762565298591977
PROT_0233,-0.7100232212395793,0.5288291981314434,0.25148450015335766,-0.42077621649952607
PROT_0234,-0.019333506376915957,-0.16892923043161895,-0.13063462898596773,-0.38196624651493394
PROT_0235,-0.4409313082250884,1.418170941652001,-0.2810107475213806,-0.23009447306622047
PROT_0236,-0.9604341381122063,1.4432757679903925,0.611489630525728,0.12167816236057907
PROT_0237,0.5657054061515463,-0.2863689401223026,-0.26759167351452146,1.4475344335528617
PROT_0238,0.6632605659307856,0.01660054173707548,1.4773744198279122,-0.4669882134431475
PROT_0239,0.0893694177647502,0.7417292587409915,-1.1325160909110514,-0.45194597555108834
PROT_0240,-0.3282947199068495,-0.6721730100224086,-1.384093015380375,-0.5488942737701948
PROT_0241,-0.06068262751757343,-0.2773596486690066,0.1816426488757464,-0.3055375100528334
PROT_0242,0.4681041864913183,-1.01837824973797,0.058933308578142475,-0.2797006193211109
PROT_0243,-0.6194735737278411,-0.8339430940251338,0.5595333921546929,-0.22360702674764396
PROT_0244,0.30336535264351,1.4186945593680138,1.1727688417569835,-0.940007518947054
PROT_0245,-1.1437139898550985,-0.7528602751003666,-0.31472195972062467,-0.9827363101540855
PROT_0246,-1.3616152190552866,-1.2066826668600272,1.2165370658683476,-0.166842944377584
PROT_0247,-0.2007833525787895,0.030039080505997684,0.33252840669967454,0.17825706665994523
PROT_0248,0.7619379379649414,-2.3521724669030926,0.21628341176485924,-0.7128541018703519
PROT_0249,-2.1442557065403522,1.2508136134177734,0.9619971926716788,0.005957587921534591
PROT_0250,-0.12734774332792878,1.6449213793675341,0.5125998556997373,1.262972591193065
PROT_0251,0.4179205254364734,1.9485687277880226,0.2765051981671496,-0.6022030802237412
PROT_0252,0.09969901991084616,-1.8783311562174112,1.0595327281009597,-1.0701070787261853
PROT_0253,0.6311178973042868,-0.1072784991492635,-0.7926441348826517,-0.2502866995920662
PROT_0254,-0.8290955282778342,0.550001973082425,2.0628888758243287,0.5860559799797869
PROT_0255,1.6201838111488642,0.02998020812633838,0.3401692695486761,1.6407908467946437
PROT_0256,0.6403264091423333,-0.19428990851128217,0.2182282784776792,0.8075093864753382
PROT_0257,-0.5169704053613762,-0.31137643503001816,0.2926240356756021,0.6513535302031814
PROT_0258,0.5438004505749541,0.4742483544394195,0.7703582268856016,0.45132891593921276
PROT_0259,-0.8206279111647128,0.009572807982071763,-0.0818369536871981,-0.5330009837600073
PROT_0260,0.7577538705311272,-1.923512135645563,-0.9644833364014085,-0.030868438988917335
PROT_0261,0.23661793789137955,0.354561394048369,0.2487722979381094,2.1769957649014064
PROT_0262,1.232129318196283,1.5867554366832615,-1.8430309929265956,0.06182534759395125
PROT_0263,-1.0343747149711968,1.5540675784759164,-0.20606885981700498,1.5916975657850116
PROT_0264,-1.4794555507319354,0.3277152723572333,1.2516804501106018,-2.1213821507128077
PROT_0265,-0.8281019926602818,0.8517210188197959,-0.0761879898959297,0.05504617391378584
PROT_0266,1.3520192400074236,-0.03025788862048254,-1.0891210990229792,-0.7048615106219274
PROT_0267,-2.5585301790560493,-0.6319656057755774,0.25946014312913207,-0.8057573605214067
PROT_0268,-0.12094140554884568,-1.1155517935572312,-1.1865522461715232,0.823525360885057
PROT_0269,0.4220963180247629,3.104184212977642,-0.5856506281207312,-0.15279779647272915
PROT_0270,0.5656270715781492,1.1306329051806128,-0.2954886988709838,0.6487507612130936
PROT_0271,0.12683863064509732,-2.027410023810817,-0.4398158050754161,2.639919395195554
PROT_0272,-1.4023094781007093,-0.9290043195638026,0.7428928688611315,0.6772032366098668
PROT_0273,-0.927308923941489,0.24931046660449094,-1.3082129933992015,-0.39922392454708855
PROT_0274,0.5125407607098083,0.8476770079326542,1.552985799638133,-0.19391927230119826
PROT_0275,-0.7394568815810364,0.2368582990608903,0.814274559032088,-1.7816004273718096
PROT_0276,-1.0594742700130455,0.7292008306270227,-1.029698413814855,0.5171495614775189
PROT_0277,-0.08944108817221008,-0.5324480192178903,-1.7528664475886373,-1.0855429663568714
PROT_0278,-0.2034789963326706,0.4164785745519367,0.24271747154044246,-0.5380701480609377
PROT_0279,0.7480787509699384,0.2011637636365838,1.39722655970896,0.33406948815331133
PROT_0280,0.64021294217077,1.0579693176948917,-0.5000849614425976,-1.335372141328566
PROT_0281,-1.253189939398981,-0.02629823031825466,-0.2063253246857831,-0.46895196082991036
PROT_0282,-1.364915429317271,1.4389400147148612,2.3988115708368243,1.1265467184244782
PROT_0283,-0.2626348757380477,-0.8228725131890118,0.8490090623140615,0.5715726747843177
PROT_0284,-0.10553652641256617,1.2045263297897806,0.3174249074121986,-0.9056973068502933
PROT_0285,-0.8972571997759721,-1.1470713815771734,-1.2875422521778002,-0.9258631782315176
PROT_0286,1.0120607616642214,-0.5108631421380149,0.22427606623310806,-0.028591651547698164
PROT_0287,-0.4308879987943167,-1.1155341115239952,1.441967552443877,2.1947611952583133
PROT_0288,-1.975746068151321,-0.07208715677132581,0.9148928025092149,0.24767286874993918
PROT_0289,-0.402347077004319,-1.2132750293146275,-0.20251055470459897,0.0037143050493941227
PROT_0290,-0.8195367053563166,1.2103535189974286,-1.356520044477479,-1.7025303546317923
PROT_0291,-1.0732570143535332,-1.3359761635089644,-0.2776992153176545,0.5241088014981891
PROT_0292,-0.03612108629425096,-0.9935874987622502,0.10323753152745746,-0.5567925300294976
PROT_0293,-2.4194628641017473,-0.8883826989536961,0.3548572691927974,-0.08316753509071621
PROT_0294,-1.5183789455581425,1.2962221237521383,-1.0561642171832992,1.0568078505349892
PROT_0295,-0.40288800698613286,-0.4645684336573082,0.49599305276139355,-0.9604059153346483
PROT_0296,0.8515782894430101,0.15688774178883927,0.19937779999294206,-0.2212581588190736
PROT_0297,-1.0984343389616007,-2.131926397522737,0.31921097188750946,0.5263027822385845
PROT_0298,-1.0696183737450746,-2.7535434753983936,-0.8044813178294054,-1.4773663844457552
PROT_0299,-1.6111785502860079,-1.204613672291153,-0.2884041393914178,-0.4253161626006678
PROT_0300,0.07213863599933316,-1.594339775741606,0.286508365322175,-0.41580402252490306
PROT_0301,0.4839783467673032,-0.8172467238016167,-0.6453014516519895,-0.5129699879131315
PROT_0302,0.3356294656868187,1.1519889402203953,0.0670516451224921,0.43766805179812224
PROT_0303,-0.7502099089792875,1.7456892575595417,0.42715021847919515,1.520373403247843
PROT_0304,-0.4944833776514354,-0.7734645372792416,-1.1282064259017681,-0.8031705260888381
PROT_0305,1.159383890946155,-0.5268591661912179,-0.4840913788102362,-0.22561890177294894
PROT_0306,-0.5934679114667846,0.8857501275432834,-0.01174730365801583,-0.3759276559148844
PROT_0307,-0.7193066122364925,0.26258175467787287,-1.238266224741228,0.1467091830758714
PROT_0308,-0.7978921719065385,-2.1517277972981135,-0.20533498463718264,0.027329533151490497
PROT_0309,-1.1853378635475929,0.7404323825061893,-1.5865742307274868,-0.14211663536888658
PROT_0310,0.465137792894374,-1.0790085980676614,0.8926612074182204,1.0579209804944103
PROT_0311,0.5769494461142424,0.7653910212977739,-0.4194036111721044,0.387357193980229
PROT_0312,-0.4496452716098807,-1.058511075833051,-0.10310436665723993,0.5522329711896428
PROT_0313,-0.32469296092418,-0.702327846411157,0.9906641928004927,0.19846018266032436
PROT_0314,0.39774040283117956,-0.6788094723312721,0.903748239998145,0.13154735801102033
PROT_0315,-0.5895469913597152,0.12303931000487503,0.45173809455091274,0.2969576491627198
PROT_0316,-0.08411178017041862,-0.6054757266986203,-1.1134269470579607,-0.13261775325521205
PROT_0317,0.3781975458150116,0.8446014429619253,-0.2415273674278949,-0.1960940325317706
PROT_0318,1.623159751171092,0.375229106639505,0.15059977816464032,1.2760303500852332
PROT_0319,-0.001754536424465144,0.674805633507751,-0.06618954152243726,-0.6304064514625402
PROT_0320,0.1802698422151587,0.8732836994293127,0.3682186638489361,-0.416482850152965
PROT_0321,0.6649968109887134,0.4080144099777928,1.2244320497446681,-0.9364054183961511
PROT_0322,1.3682602710525418,-1.140282209942806,-0.9237279053073071,0.8494595258533052
PROT_0323,0.41697063908941495,0.8723863093338072,-0.25318058436965507,-0.08770257694864529
PROT_0324,0.27360110186041575,0.12383023083467014,0.533646015484365,-1.5771749748047934
PROT_0325,0.7115579740138233,-0.7130740624118387,1.4034975641697145,0.5610782290503306
PROT_0326,-0.14873336543083213,-0.5913677890926973,-0.7250043923229577,-0.26628629428768025
PROT_0327,0.327144251615078,-0.5369585168697678,1.9249089170703888,1.5064295807367198
PROT_0328,-0.99736995889502,0.9851073354317301,0.07097873833051997,-0.07983994371575615
PROT_0329,-1.241053063826396,1.0926780533668186,-2.2043570219566795,-1.094063202954006
PROT_0330,0.2629258576930721,-0.20096701074331957,0.6739661375288925,-0.5748976830146226
PROT_0331,0.3901756566410603,0.8764477529436491,-1.4333713515298432,0.1662978534980232
PROT_0332,-1.3664358014850042,-1.9720493641462251,-0.8744155393280685,-0.6226150328353095
PROT_0333,-0.0264207671039642,2.2737203496171343,0.07591242741267455,-1.2897764872091884
PROT_0334,-1.0491706902154554,-0.9690675614534284,-0.010798056473247077,1.6718656385856783
PROT_0335,1.442230652984606,0.41018610633055563,0.4026435171543628,-0.875833767838909
PROT_0336,-0.9985925607766588,-0.27911457951192525,0.41763336815349666,-0.27370423192434484
PROT_0337,0.6572536244058461,0.06815413720453083,0.20026772112652952,-0.3804155386562368
PROT_0338,0.16888441004642618,-1.2978298216361395,1.954062391615267,0.5164922752514932
PROT_0339,-0.14820202944872884,-0.6769991232826097,1.3132964455083171,-1.2700730390666664
PROT_0340,0.8551052724834964,-0.0413177311181293,0.674158780559906,0.25923596012269523
PROT_0341,0.07227474300407445,0.5561522534343603,1.18133380535926,2.4465239178563043
PROT_0342,-0.39969413718869445,0.820742703408392,-1.5091536694898724,1.9777163789181482
PROT_0343,-1.7345878054994586,0.11132896468454163,0.41031169691987307,0.4022789667791527
PROT_0344,0.7796050582616066,-1.0675491783279258,-0.34860533584697445,-0.47016992989293366
PROT_0345,1.2110523800043342,0.7947713497996314,0.34068929145268834,-0.9939968240534552
PROT_0346,-0.7834066077604233,-0.9888500498128712,0.30936787155636747,-2.119750678749629
PROT_0347,0.5281788502443935,-0.2682888126556312,1.1273267161184501,-2.8091870005403052
PROT_0348,-1.2240850030030843,1.9230720554118774,1.6174914413679533,-2.081256706205875
PROT_0349,0.8109350015300172,0.05993992064342575,1.455777276341461,0.8263793075681697
PROT_0350,1.723115571830987,-1.2921324814524988,-0.41547927596271017,0.735046361986522
PROT_0351,-0.08660911685959012,1.7690186088013877,0.4031327781800111,0.2642774189500328
PROT_0352,0.028293162209252026,0.35032976220123385,-0.3987330440787981,0.8575937908249297
PROT_0353,1.71610475202882,-0.47645700540900615,-0.7376623062451888,0.26127712240459927
PROT_0354,0.4880058559142597,0.38725932384346845,0.27888802265604806,-0.4947366118028496
PROT_0355,-1.4769091596506139,0.8335598597948704,-1.5585598673561722,-0.27119077772606853
PROT_0356,-0.49800408154310144,0.34349439577305996,-1.1968000304015596,-0.04353553248299083
PROT_0357,0.0423895444403143,0.1991563243991605,-0.9110849542923145,0.3326073170855415
PROT_0358,0.18805106767293991,-1.6110581018003935,-0.027506524996283727,1.2511564388489032
PROT_0359,0.03311082480994164,-0.6971158607816625,-1.2052497997956924,1.2868244289539938
PROT_0360,-1.0477141426925312,1.6997466938511587,-0.7555745214739827,1.4678096495305955
PROT_0361,0.9552380953486631,0.6945643348466922,-0.16407616107435438,0.006635472034146089
PROT_0362,0.6990432347829943,0.13044020297081813,-0.3194013210986545,1.7708482278465894
PROT_0363,-0.621544032431345,-1.1737735594843128,0.17092298765727634,-0.9835540669574622
PROT_0364,0.7425342305456146,0.8739375503871755,-0.03773257077244481,-1.1705784738249485
PROT_0365,-1.6496817175709626,-2.141515360723954,0.20600905684949933,-0.21396681670892573
PROT_0366,0.29238109934907347,-0.6818507950502647,-0.4958538608718877,1.5363793534023036
PROT_0367,0.4383682752480039,-0.3386732907778457,-0.09251014093142045,-0.6651855779393466
PROT_0368,0.6546437442051425,1.4943874376280677,0.3214278452475612,0.8403812885859115
PROT_0369,0.9252001421210322,-1.3676373443052139,-0.006952391252719058,-0.2825727545919958
PROT_0370,1.2555030748912903,1.478392549752732,0.024640890317096487,-1.2338987414583658
PROT_0371,0.19131557890871706,1.3967420385986073,0.5112318610206474,0.3480646587099807
PROT_0372,0.3458714001775924,-2.015961867418189,0.025649918860954073,0.7468883535454036
PROT_0373,0.11450044183335102,1.7287097013158919,0.6869278161094902,-0.5272587565439449
PROT_0374,-0.3001705889039245,0.05814019113911473,-0.3621377874258592,0.6444470383315588
PROT_0375,1.262293995256213,0.7048048915548867,-2.1786929082582724,0.7552065828742125
PROT_0376,-0.6668151802254091,-0.3832521513453991,0.4305661569376772,-0.8609909085716084
PROT_0377,-0.04069951833563674,-0.5817609724070842,-0.43367483389650574,-1.1368946953667456
PROT_0378,0.3982803874410519,-1.2001955422624213,-0.94002138732046,0.907631425343535
PROT_0379,0.5964012718010948,-1.2824346539207352,-0.1442404148365199,-0.2585524264594292
PROT_0380,-0.29329878078210836,-0.5593289212428286,0.1949578125032092,1.2599534260603569
PROT_0381,-0.7396321389744683,0.9643899336528917,1.7607377551725465,-1.2578313394754355
PROT_0382,-1.3550813828843338,0.4994356967333358,0.1388698390244369,2.125093975640013
PROT_0383,-1.1628371681871799,1.2254297285414313,0.05121550920620821,-0.962838000350779
PROT_0384,0.12242957322732297,0.9834644255071016,-0.6383617420394506,0.26944369210918984
PROT_0385,-0.5339493337530581,-0.6661602883159579,0.7445511376746359,-0.6222961154535324
PROT_0386,-0.13426808820939087,-0.21860750089630115,0.11386460594315925,1.4017535223440887
PROT_0387,0.0773088768403408,-0.6816960810194922,-0.381653511660417,1.4029394614553277
PROT_0388,0.42010295059793634,0.8468028481548316,-1.2865722653928917,0.752359206553137
PROT_0389,-0.702763714204599,-0.36155327824922273,0.5905753814064749,-2.0005569029349193
PROT_0390,-0.36071516502550655,0.43507880219425527,-0.011398713521879813,0.042964910373397266
PROT_0391,-1.1418214704357335,0.20875038133707066,-2.0553858837563834,-0.7356046398417145
PROT_0392,0.10425602404297092,0.3477363942562489,-1.1617691217040906,1.3759292505593268
PROT_0393,-0.49953359648541507,-0.8564679341206216,-1.2537605684534665,0.917561804333662
PROT_0394,2.337508522489368,0.39013051764991835,0.14156408970636525,-0.6891623921678042
PROT_0395,-1.7841409942329198,2.015181969890482,0.7238782838719998,-2.4849578762443705
PROT_0396,-1.7741068746109918,2.3883596196126295,-0.4724079956075245,-0.7078695139155595
PROT_0397,-1.0860000626157373,0.9821460372118296,0.06050776289742611,0.8637746138170729
PROT_0398,1.6477603709005268,0.7285626212451162,0.1856159937061388,0.24664041154298327
PROT_0399,0.7949705221658154,-1.6051643810993963,-0.08843895168022577,0.3589874556450827
PROT_0400,-0.16412923566800372,-0.70989364631768,1.4167164491206574,-2.4262513998468354
PROT_0401,-1.829884927989132,-1.044524448065793,-0.7220173888439374,-0.8957721597142837
PROT_0402,-0.8760591702830964,0.9203602193165688,0.2641690015084816,-1.4657709676585515
PROT_0403,-0.8363726454509647,-1.2429723944322626,0.06502041705055936,-1.271301024833861
PROT_0404,0.38340159959204906,-1.2950246500478602,-3.133967860348779,-0.3003918583866361
PROT_0405,0.7525490409659731,-1.2666557719637639,-0.31763789046037894,-0.20198481799061552
PROT_0406,-0.9467270970851734,1.3663019679044548,-0.5265326992825625,1.7511727352965079
PROT_0407,-1.5257713660532026,-1.0645906460039645,-1.2173758784939162,1.121103850159265
PROT_0408,0.9479855571963214,-0.9686980953471855,-0.698689017666033,0.05443522605721983
PROT_0409,0.8362323464939209,0.6412072646426066,-0.3628429312220728,-0.26005854221588065
PROT_0410,1.1720679965413168,-2.169370209084362,0.11901998342029428,-0.7194508050450252
PROT_0411,0.7523198462946811,0.20566595449128866,2.2153146389418503,0.1722447453345993
PROT_0412,-0.36808441999394725,0.01054152254334386,-0.5012310437345662,1.3526415924571125
PROT_0413,-0.6395560635467017,-0.9612432081396889,-1.2206556639858315,0.15748475136817192
PROT_0414,0.9468422236182055,-1.241163233864672,0.07693053284160778,-0.5580456416170959
PROT_0415,1.0670226632994535,0.22636131177978003,0.3524064178241921,-1.036207660209425
PROT_0416,-0.8626768467334365,1.2752158039467083,-1.2161658964059479,0.05779740831705742
PROT_0417,2.209049817000088,0.5105659404828725,0.09208391980355198,0.9113772360853293
PROT_0418,-1.5066713553886446,-1.3018091791312012,-0.6868219655414902,0.06807519436202243
PROT_0419,-1.9190542465865175,-0.06874935343586122,1.6388092995916141,1.3170044026064611
PROT_0420,1.690200554374348,0.38402566532216975,-0.036872108955291104,-1.5055848802268545
PROT_0421,-0.7167358343600001,-0.008583494867353093,-1.8180207549239131,-0.8890939965825331
PROT_0422,0.8064963772252511,0.9447800705852106,0.10803587997684402,-0.2089865602892973
PROT_0423,-1.108802517629592,0.34074017946391855,-0.5059217229828362,-0.7099499419653504
PROT_0424,-0.06558080418938965,-0.885458021221346,0.6852844743438269,-0.4120837006296947
PROT_0425,-1.1671319305337622,-0.8293474683545597,-0.900096003856322,-0.39557534604706146
PROT_0426,1.4420071827863534,2.143417095251535,1.1276558071877254,-0.6149335512657237
PROT_0427,-0.14212928558509313,-0.02903051582728866,0.14077400990957373,-0.6096462817847494
PROT_0428,0.8509991224845257,0.49821921507129907,-0.05527664354356014,-2.0540339384332773
PROT_0429,-1.182467413024435,-0.46641846752062033,0.7659068089637233,1.2053502323713652
PROT_0430,1.3909289553899078,-0.3268906787404591,0.5672425663954386,0.5668351973694895
PROT_0431,0.1489390730391944,-0.7145298232535225,-1.0755210734787566,0.44747492490889734
PROT_0432,-0.5859583306175519,-1.4061969925519795,1.954213120687319,-0.2799289568133987
PROT_0433,0.2970731037121537,0.29899893421701795,-0.02123114787117024,-1.296776108370741
PROT_0434,0.0985279550973291,-0.14760829093757596,1.0403939613450435,0.3107442213613557
PROT_0435,0.6744860034044602,-1.2470100256693766,0.014552040816149844,-0.1613031925302455
PROT_0436,-0.031091959717826266,0.6286194619408775,0.3155639631529986,-0.25879683041989243
PROT_0437,0.18536937521764116,0.22855912737713122,-1.2240547630912342,-0.4413211533589466
PROT_0438,-1.5356690979011582,2.076193598519705,0.1818059367661863,-0.03685799397616808
PROT_0439,0.7928424489329241,1.2060334261453058,1.5102122760894767,-0.16076611221913092
PROT_0440,0.4659840351882993,1.0332105237821418,0.7432155096680072,-0.16727544706957753
PROT_0441,-1.2450598390385479,-0.5231488055395248,-0.7960305364784057,0.017619946839047208
PROT_0442,1.4056891892047587,0.22023629478115087,0.0026863852883866456,0.3545970028504773
PROT_0443,2.2224574383522615,0.3877979198545061,1.0453024676991773,-1.0490933312402595
PROT_0444,-0.8002232636610177,0.34300748618318205,0.08392299297881689,-0.1614989257909551
PROT_0445,0.7078634702371382,0.6210939900639783,-1.011057147880466,0.6092043060235361
PROT_0446,-0.6296075374390622,0.8930099695652527,1.2289230767042338,-1.161103941536307
PROT_0447,-1.397257997686205,-0.7246767118046584,1.4430080896098805,-0.5358144169163503
PROT_0448,0.9301038068491875,-0.43469163021958457,-0.49768203907699665,2.1647051391788668
PROT_0449,0.12233826931949458,-0.12670174523585034,0.04759959666179202,-0.8402034998043826
PROT_0450,-0.3284447982240834,0.1601695307027815,0.25504218108300714,0.5176643915902985
PROT_0451,-0.4324226538775443,1.3287967406768662,-1.0120288276584348,-1.0608104893729173
PROT_0452,0.6467382054459044,0.5835561177582483,0.06511085848986874,2.475768844160621
PROT_0453,0.144089213706509,-0.46315367900691234,0.9613550800772215,-0.1524673929610045
PROT_0454,1.2375813105257256,0.3898253018812377,-0.8494455050846706,0.010652565558853733
PROT_0455,0.1354263625884429,-0.9430576728386457,1.523996500122406,1.948151539386263
PROT_0456,0.672641639448006,-2.072188153603082,-0.4005976251090166,0.1481364282398098
PROT_0457,-2.6456493059399624,1.3792639810793585,-1.043586662474305,1.8748649662799328
PROT_0458,-0.625901040125015,-2.588326521824278,-0.520309511060676,1.4506328204540524
PROT_0459,-1.2558802855775273,-0.11080198362423077,-1.006963237406768,0.08052154205947908
PROT_0460,-1.741510335821743,0.3530789926015746,0.17369294183380538,-2.5364231677638727
PROT_0461,0.1459571812016762,-0.4779303346147604,-0.037024297819250505,0.2862832602375032
PROT_0462,1.1989472693363672,-1.0593051391107793,-0.034279088349853305,-0.4931869575860769
PROT_0463,0.6071489183099661,0.9786613990745993,0.14979761217784565,-0.005520576659078121
PROT_0464,1.1420786856405585,0.9910311129101774,1.120434819170658,0.07356249294644072
PROT_0465,-1.2593065337139706,0.8966023203138392,0.4176778104802845,1.317118955748504
PROT_0466,-0.1936627947888814,-1.0450820170798187,-1.4451837725887462,-0.6867577992411041
PROT_0467,-0.1480044091463878,1.5210355678459884,-1.3538135787800296,-0.2365145659257784
PROT_0468,-0.5000726565718517,-0.39836384040340134,-0.9830317356883139,-0.35604235207616663
PROT_0469,-0.5250426107787945,-1.018621012658488,-1.3614200454445793,-0.2665876116118839
PROT_0470,0.9746328267821207,-1.194120321594447,0.018332879415890534,-0.45573436250589433
PROT_0471,2.167584008376893,0.6725161824334867,0.8157598617446333,-1.1127966618072986
PROT_0472,-1.3401707262736076,0.3193276664139529,0.060310109346831585,-0.9436798367671007
PROT_0473,0.11822762719500124,-0.41539527775031404,-0.0034370621423846937,-0.7829250578030352
PROT_0474,-1.2134392230570232,0.7054483307840006,0.3211554007188039,1.351563722861544
PROT_0475,1.223578205707992,1.4802413814607422,0.06795932451928971,-1.778938040418946
PROT_0476,-0.41918675304003544,-0.10092054392803598,0.1893074795066226,-1.5224223564462045
PROT_0477,0.09294084782679646,0.057529145457619835,1.3581974628182196,-0.17604099840604795
PROT_0478,1.7439764083069622,0.5314433142106069,-1.1071147226058773,1.5072245747566193
PROT_0479,-1.5893182146862648,-0.9213222782913647,-0.6201295335517728,-0.20137629712169744
PROT_0480,2.005308404986667,1.12341164865343,0.9876062005311039,1.4871651624905484
PROT_0481,0.07502681628290406,1.2988987262265406,-0.08066186035738782,-0.7291156993088581
PROT_0482,0.9887490728883915,-0.9592833265836095,-0.5487248695759582,-0.9776361967950744
PROT_0483,-0.20943761305273045,0.609489566426291,0.08853803929922888,-0.40219279855652096
PROT_0484,-1.432936912136549,0.9418485269811618,1.087035907890938,0.7479360371153234
PROT_0485,-0.198214623948219,-1.5274818709640539,0.7547203861090481,0.8202089541416688
PROT_0486,1.0224772078172548,0.14150832181206585,-2.1614057032201868,-3.734191521604936
PROT_0487,-1.4421666532642965,0.36368169294585273,-1.839395623511291,-0.20231038863542902
PROT_0488,-0.10053394727763562,-0.9935183440575981,-1.4583455449746767,-1.186443763288367
PROT_0489,-1.5249600847034588,0.814055832307534,-0.48844804965514504,0.5290691150427467
PROT_0490,-0.16602523348827747,-0.44005899053358877,1.3901303783571137,0.38416054840812913
PROT_0491,0.3670969109424952,0.8448198471063181,-1.1005870813167429,0.14843645786815515
PROT_0492,0.6297894861815568,1.077825083286896,-0.5794708400098171,0.5778308690335848
PROT_0493,-0.4323296988483689,-1.4113073871447563,-0.8076622022400576,2.3767523942780207
PROT_0494,-1.3176447363267072,-1.4165232151811091,0.4461458836936286,-1.3816651289927806
PROT_0495,0.7792648417535472,-1.9680142019386546,0.5711556194832176,0.6269947880444549
PROT_0496,0.20493544453777784,-0.9604546551744665,0.022524976285731142,-0.21974403506742324
PROT_0497,0.4421565524623656,1.2760240795026871,-0.42239238725099043,-1.7372450471974998
PROT_0498,-0.039447845025028926,0.933706389063467,0.9151623488273799,-0.9191236276327924
PROT_0499,-0.0892730044791821,0.46784776077555557,2.0144676578449072,-0.5420672602054777
PROT_0500,-1.5810555928402068,-0.32647990286105566,-2.421790273073852,0.7010928004369639
PROT_0501,-0.22536361426460783,-0.1558005216713187,0.5857114261019318,-0.5602117816101662
PROT_0502,-0.8713402196436351,0.7767426067887803,-1.2189851470021082,0.32280180030830835
PROT_0503,-0.5951022749632154,-0.3197954208755284,-0.19403237872603357,-0.6687117287611403
PROT_0504,-0.2923981799909801,0.05270301772373208,1.7492210949273919,-0.21480305315393952
PROT_0505,-0.6819616044097652,-1.3717939543728956,-0.7032292132918141,0.5132095523303812
PROT_0506,-0.541677274761059,-0.03796102593995538,-0.3485243349435927,-1.289728834091183
PROT_0507,0.004547517622902167,-0.9141652959381592,-0.4673988208714411,-0.20013409457050302
PROT_0508,-0.4249027812304158,0.949541492080724,0.6079395688507951,-1.6118657623828998
PROT_0509,-0.6083517823652366,-0.3239510173906343,-1.0747178625980323,0.7901692578658058
PROT_0510,0.26858127048927444,1.2785482489602906,0.8125494151300301,0.06191226531234068
PROT_0511,-0.5298029538283558,-0.4541237405211568,-1.4054163364202288,-0.14572914571022907
PROT_0512,0.06238404108980367,2.5746361151466046,-0.5773715962386232,-0.2236932062758257
PROT_0513,-1.0016853472343024,1.2946748871421907,1.5509571072582615,0.5790477525639509
PROT_0514,0.1863755511069208,-1.4050358193083226,0.8507888974688649,-0.22545142097638396
PROT_0515,-1.258892302020429,1.1328130768294178,-0.12129788712088196,0.9770298558049358
PROT_0516,-0.1831336193450502,-0.00506902180847956,-1.716797775198644,-1.498566828928411
PROT_0517,-0.41669063601881734,1.3478303063125483,-0.6121481794298763,-0.2308388068115018
PROT_0518,-0.7004574800466944,-1.2096089156245968,-0.9622672811550448,-0.15430132265800234
PROT_0519,-0.6110953173507078,0.24048529842812788,1.3237093065166998,0.4170907316767415
PROT_0520,0.005472809391373152,0.9073408770622912,-0.4047491924494548,-0.27616290017034945
PROT_0521,0.5229871345556979,1.3838874476733876,1.237890686736033,-0.22425164855197563
PROT_0522,-1.2083201836976085,0.5280350501420412,0.42010074008985304,-0.9637829811006492
PROT_0523,1.4434911037842282,-0.48149827121499944,2.4762206487253864,-0.3794493684049455
PROT_0524,0.43742654325530045,0.6923001730805847,1.2305154700778005,1.9072781589387144
PROT_0525,-1.0535909173063434,0.36253560562436765,0.8495827604895658,1.3193485667063656
PROT_0526,-1.8860837338458225,-1.2189830168860603,-0.002757410380166751,0.632205803335252
PROT_0527,0.2495206924265397,0.6862400367041986,-1.3188699878250574,-0.1115902390219077
PROT_0528,-2.2070300088755537,-1.129904006510855,-1.0555102979011217,0.8540175154526523
PROT_0529,-0.41644237485954816,-0.6206236974598361,-1.83924114329007,-0.4119014865143793
PROT_0530,-0.6740400366944795,0.9712932300199656,0.8128977489490374,-1.5532899973834302
PROT_0531,0.8888015786967124,0.9722035335222842,0.8593413868144242,1.0414533455359565
PROT_0532,-1.0649947600171905,0.5805925992355248,0.2139395599978009,-1.1392855429789122
PROT_0533,1.4326398235730813,-1.2681872141508055,0.28498517422633346,0.6313349477527109
PROT_0534,0.9084800980936787,0.0559446471113652,0.012998725441641747,0.5725632006024269
PROT_0535,2.007798701159601,2.7448455509214815,2.2171054069811675,0.32692313893861774
PROT_0536,0.33923881886194923,1.1815252323530967,2.204281314862152,-1.1903482902277835
PROT_0537,-0.3256223764712068,0.7805428411875179,-0.8717536128243374,-2.7329068615303855
PROT_0538,0.5200029049039423,1.5935947102681363,-0.10651826003042082,-0.4967218514152484
PROT_0539,0.4560203186216135,-0.40326884306794364,0.28729663780146164,-0.46888752605430245
PROT_0540,-0.9225921578977246,-0.7308858975248977,-2.0271903104131184,0.6358406661756684
PROT_0541,1.8141124614437922,0.11387418651158684,2.0167851206972505,-0.2968296221012506
PROT_0542,-0.6067149162478651,-1.324579668686683,1.6806975559101083,0.6744135270612851
PROT_0543,-0.7755382578304765,0.22058704287407174,1.4397755631035227,0.39912347276572063
PROT_0544,1.2472623322404166,-0.4579101199348823,-0.5058950695880661,-0.9654324118819864
PROT_0545,0.019937311163987784,0.9495819505414322,-0.9000021557744496,1.239788870733874
PROT_0546,0.4944347482112518,-1.4211042535495888,-0.5033975902443866,-1.8494917571577068
PROT_0547,0.7455257222904225,-0.4411249134787472,-1.3621583360698237,0.22841771663790472
PROT_0548,-0.28406537491883443,1.4038450593994416,-0.9002746793482018,1.3444532280751431
PROT_0549,-0.786631591701418,0.6010896974196871,0.7630309990767173,1.5527675834598091
PROT_0550,-2.122484573822261,1.3209732790634534,0.8280338262830338,0.7095697857867229
PROT_0551,0.07146356408509968,-1.7595893203113677,1.1153388041260905,-0.6958874234357084
PROT_0552,1.1776610526370774,0.7742930757259773,-1.2430104836885558,-2.3510519811442103
PROT_0553,-0.09699577343957339,-0.14853575181354367,-0.6558247941484028,0.9948954702837257
PROT_0554,-0.8900813760524809,-1.11009785505794,0.7873918343696434,-1.004680519992122
PROT_0555,1.9263859304700564,1.0561587507898638,1.3553469964022506,1.0972034598090077
PROT_0556,1.5211846425387185,-1.4823828206309473,-0.049384395782555005,-0.7356607277312095
PROT_0557,-0.2066377103013276,1.8699741226827895,0.26892369892633267,-0.5705846040647805
PROT_0558,0.4004112153518352,-1.0651812139548456,0.4270575212284202,-1.7723052204736027
PROT_0559,-1.753381543757895,-0.41916769616294913,-2.0355063155875546,1.2989823699237406
PROT_0560,-0.8764521349400656,1.9537946152209906,-0.6313942225159459,-0.5207466144007548
PROT_0561,-0.7821647314081187,0.05032683793831246,-0.8701061172209333,0.16904527156967908
PROT_0562,-0.6526037274645579,0.008711224764276469,-1.3989723350154146,-0.42945207491295506
PROT_0563,-0.2282109470193493,-0.4292688408641284,-0.11407413413899956,0.7570736819676953
PROT_0564,0.05040070453995609,0.1075749085670279,0.4039015413375566,-1.7810480722178423
PROT_0565,0.4379875954580369,1.2535733045420236,-0.5036592942228522,-0.6399146227935824
PROT_0566,0.9881598560239729,0.9169859888461447,0.32086708086962273,0.7316330504552571
PROT_0567,0.29563110499155143,0.5088550701031647,-0.018878219065299084,0.012539462534296272
PROT_0568,-1.4203262598457482,0.8438831829472562,0.9142214280597604,-1.017231223937952
PROT_0569,2.5353924686956604,-0.9345705888368061,0.8936186398657686,-0.14927421356829226
PROT_0570,-0.4768543842936417,1.9669418657722832,0.31119709688607505,0.618574653630659
PROT_0571,-0.32575842272469313,1.4438968593762749,-0.861618674901495,1.0488146712747837
PROT_0572,0.756309526728971,-0.4662357653914677,-0.03991940530361424,-0.8889362515586121
PROT_0573,-2.0260487917294148,-0.8148735077241742,-1.5568488428698226,-0.17312260251909178
PROT_0574,-0.27870497184122955,0.026388775049717293,-0.9493673138865589,2.09338437502773
PROT_0575,2.127566286372453,0.47781980532584545,0.68236378763482,-1.151475328161933
PROT_0576,-0.780850965410366,-1.130511863279232,0.43494494222114655,0.9131964165714548
PROT_0577,-0.24865545210517895,0.8895211624203718,0.5026221957777951,-0.24440515277395622
PROT_0578,-0.6060955997054999,1.6047780542920589,-1.140446890442603,-0.9173321203981302
PROT_0579,-1.738552735810946,-0.5421716195482066,0.9975305682797713,0.8701319183597596
PROT_0580,0.764723315480872,-0.2009077334427839,-0.0016582567821881722,0.5389435265768747
PROT_0581,-1.468305456393409,-0.3972400726967244,-1.2534762118211524,-1.0850832186629167
PROT_0582,0.6660145931711942,-1.3967466645834643,1.0970231974366256,0.26833105876575014
PROT_0583,-0.6538629978666416,-1.5558625078278874,0.9999666455806109,-0.17778137947456885
PROT_0584,0.0787510305949121,0.016506482735984325,-1.6441804927941162,1.0552008943743965
PROT_0585,0.6091835269664754,0.5883001519725072,0.024681297252383466,0.17529164799158112
PROT_0586,0.3052796336325492,1.040439939646013,1.3022954014154027,-0.9137921433341665
PROT_0587,0.6368759598500771,1.52140719817872,-1.0846627488331386,0.1207486539250432
PROT_0588,0.7158775010747387,0.04939552582209573,-0.026538574703722628,0.16536275180191068
PROT_0589,-0.5674576656531384,0.17625838379168365,-1.487591945128659,-1.3762788980445295
PROT_0590,-0.6150944812717953,0.9762253574211506,-1.717471483827014,0.1293382899241913
PROT_0591,-0.3915026637897505,0.7472900761496307,2.2934397380754077,0.7264347484347822
PROT_0592,-1.3528159087571232,0.6921158596372363,1.789816310581223,0.304461817059807
PROT_0593,-2.2752744940708594,0.690920631958015,1.1025022541515284,0.275623309979526
PROT_0594,1.0759337500177992,-0.9981861597079177,0.38489245349755535,0.08387398959721108
PROT_0595,-1.0653306971860081,1.0007058121517027,-0.8545106922916837,-0.955600183922701
PROT_0596,-1.1597248022542106,2.3090116938505125,0.4002198120732279,-0.5242990807446404
PROT_0597,0.15097831638495351,1.8166007793926435,-0.13098728944862156,-1.5884183738428748
PROT_0598,-0.25993684685744545,0.1067949568007542,-0.35478284189537307,-1.2873941066933976
PROT_0599,1.2331785050480368,0.3840583121537843,-0.8000691834869458,-1.7272964183914838
PROT_0600,-0.05690313991962358,0.517519147735094,-2.3250415321007347,-0.6457372030369678
PROT_0601,-0.13118304540230966,-0.23212810584899748,1.7319506815013341,-0.8737752240151406
PROT_0602,1.206507324129593,-1.19849327049911,2.141102016883923,2.6209009586996177
PROT_0603,-0.16956056863775557,-0.712321048806581,1.119239407773751,0.5345444008744407
PROT_0604,0.3118205333919298,0.031699352360421845,-0.8073087860420457,-1.4773768078696021
PROT_0605,1.8220325632253207,-0.3671301228157235,-0.07637098704415879,0.23200106814496796
PROT_0606,-1.1521340501625985,0.557521263645485,0.17356913576312144,-0.19139219545228367
PROT_0607,1.2738249082982747,0.473487410072497,1.3452064367979406,0.2742090334514152
PROT_0608,-1.2811476066121126,0.9801839177147083,-1.0364137958845956,0.9626871894266608
PROT_0609,0.5442921995698798,-0.9316677903681682,0.5482221364713585,-0.2760147377604461
PROT_0610,-0.30518755810371356,2.025136741746528,0.5285538343341172,0.09713923844867492
PROT_0611,0.2734655784427481,1.252910526341371,-0.014581340361628736,-0.9112489442468605
PROT_0612,-0.10880363162429313,0.8723543163848193,-0.6338832472429222,0.004730619598486238
PROT_0613,-0.043159898972804756,-0.8551602287191553,1.337577928624029,0.974018444591362
PROT_0614,-2.2236276286295165,1.0195243434181613,-1.3274371252257884,1.1881052127873233
PROT_0615,0.15708862086403969,2.292956252339444,0.7946698308313811,0.5264170279884078
PROT_0616,-0.7018637751639827,-0.44702363696822683,-2.0146265512786132,0.5115114158682976
PROT_0617,-0.5581991821487648,-0.45167937091050825,-0.17095347951256884,0.37335839147615546
PROT_0618,0.2327392091834746,-0.6501124397854636,2.6229989767659836,0.9745034612319289
PROT_0619,-0.9137419055402917,-1.131078462044303,1.4432625015886082,-0.4982147651613589
PROT_0620,-1.3724951922936424,-0.7205594179003333,0.4834407518324106,-0.21280843354288068
PROT_0621,-0.38864426244202344,-0.4594888331596722,1.6417710165764947,-0.3344921577629459
PROT_0622,1.5134090333813006,-0.6733452572962535,-0.7411275870570897,1.508508793095377
PROT_0623,-0.42717895880276097,-0.9947822396298435,-0.7200304783560153,0.3408373518565508
PROT_0624,-0.07367248102483545,-0.6932881849041064,-1.4257857183671097,-0.5475162800299512
PROT_0625,-0.04840548590836883,1.7774596105838132,-0.9565508267098999,0.2379316509898788
PROT_0626,1.685278304051055,0.015636720454755944,0.10802169479446942,-1.0060622430780124
PROT_0627,0.8256308105703645,1.8202448806269487,-0.08204544699770812,0.7010335630044675
PROT_0628,0.28284011587103347,0.5430101512295238,-1.1822747974863395,0.17350508456109645
PROT_0629,-0.23686209512725925,0.420635511180884,0.9489808405824752,0.5784862149652137
PROT_0630,-0.2938228360051127,1.358791715521477,-1.44876320494532,0.3973153467024721
PROT_0631,-0.3328249664607568,-0.6746660230856494,1.574661183596535,-0.8191269596957769
PROT_0632,0.5383755764336533,-1.1308904436768017,1.6220491016499292,-2.354400730755962
PROT_0633,-1.3549972696475738,0.35132428219723294,0.29856066840922496,0.1237643411867366
PROT_0634,-0.25517821042316347,0.979249302538183,1.3724262537946512,-1.5723945571468338
PROT_0635,-0.4471773931439137,0.8712788116912786,0.33415409798082074,0.5595522771028789
PROT_0636,-1.1655590180255535,0.6726203851960226,0.08600535069664754,0.47234446720313916
PROT_0637,-1.341672671186205,0.38011110965527756,-0.7090354395008154,1.0515116827251711
PROT_0638,2.48419451812766,-1.2649408080541362,-0.9964535559942299,0.7537495778296642
PROT_0639,-0.7990787071932187,-0.45743977831106813,-0.1040625095693515,1.3427200684014924
PROT_0640,0.17782709164220492,0.05991965011178207,-0.561544105445113,0.9385436004577764
PROT_0641,1.972722972196518,-1.4770794906186455,-1.74521827773946,-1.640995622202545
PROT_0642,1.1308485876377257,-0.2931042065514103,-1.0206629057988876,0.7691297070004115
PROT_0643,-0.8025653214605144,-0.03700249897347595,1.5725963829335412,0.6498013353030311
PROT_0644,0.17748775740823977,0.8064977189891468,-1.0437620996748573,0.6735465706504514
PROT_0645,0.7634125321093445,-0.2871918961130305,2.6497186454674684,-2.3390891719277804
PROT_0646,-0.9320350800302339,-0.7806847464132805,0.011667327429116312,0.08444503649368708
PROT_0647,-1.605951829370329,-0.32086514927930543,0.6192049923593493,-0.16827498852276448
PROT_0648,0.5278306372371339,-0.574069440493796,1.3461401756144546,1.4831582179825133
PROT_0649,-0.46539465426124316,0.6222915558313856,-0.3161230231330789,-0.24851910965855495
PROT_0650,-0.1870912377962122,0.5937788377518136,0.4116017990127715,-1.1481778265479838
PROT_0651,0.5303377969665064,-0.3369159701597947,-0.6737328164913187,-0.6113268725224137
PROT_0652,1.0205840028004207,0.16692452907070562,1.5516073869862406,-0.5066765225193686
PROT_0653,-2.5143969340167307,-0.6026672056955561,2.491555254054519,0.5868700250573369
PROT_0654,0.6148986576020082,1.3954737676943931,0.371352993637726,0.8487227199764262
PROT_0655,0.2690542213565763,-1.9435367692017096,1.3243077638171452,-0.12623701751867178
PROT_0656,-0.3981861232271672,-1.287916773501665,-0.9026250457527251,1.580310200410003
PROT_0657,-0.813831009951907,-0.5757715642997369,-0.5105714201890954,0.8103966230871436
PROT_0658,-0.0728538920133597,0.6325473813504844,1.282731251289468,-1.5982902781622375
PROT_0659,1.327233293254056,1.1686482713397612,0.43242541838123233,-0.7833844535408373
PROT_0660,-0.8121732239057555,-0.308863333568937,-0.36902744388807907,0.30818165076681586
PROT_0661,0.5174098702685479,-0.6899073585173481,0.18491614612806034,0.4609189564162598
PROT_0662,0.7919986251074606,1.1885074639566073,-0.05127209958887762,-0.2516863757957022
PROT_0663,1.851809846727134,0.8145854938719417,1.650782849428029,0.13016989907799992
PROT_0664,0.17776980034123113,0.10818983463089835,-1.152061919383458,0.7214121841156452
PROT_0665,0.6731824556847289,-0.8249103786736535,0.7071052768949913,-0.2768790559061514
PROT_0666,-0.050707288751406766,1.0363452672640197,-0.9387603080654495,1.6159112573298386
PROT_0667,1.0173691507255662,-0.2997828611590681,-1.6178296539350356,0.6854924242790307
PROT_0668,1.539725366774351,-1.6914074066650993,-0.49022399845702463,0.3660573177154309
PROT_0669,0.9684509159655401,0.10571162050856354,0.7805123430492226,-0.21566492968039638
PROT_0670,1.539132762387554,0.4033671400145682,-0.3292395353486914,-1.1625427393861403
PROT_0671,-0.4503308822857994,-1.4377531406404525,0.260742360881102,-1.958813876004634
PROT_0672,-0.7033320062508192,0.2275532883480077,1.7765783100635435,0.2521627673982715
PROT_0673,1.121557902747563,-0.9244426150631404,-1.9805186024704573,-0.47384553332727425
PROT_0674,-0.11679077082989672,-0.9372187917982345,0.9628635749365629,0.3465075973052458
PROT_0675,-0.5405138408355586,-0.7138171943966987,-0.30031746325195285,0.7743954419319247
PROT_0676,-0.48662906850070603,-0.1857780510091801,0.5260232433331454,0.2326490338852835
PROT_0677,-0.1354419937092092,0.7431022219995204,-0.8942620657103134,-3.2995805651980334
PROT_0678,1.3706278522921993,-0.3013324076783541,-0.44770529707665213,1.0561172740141673
PROT_0679,0.4165707513703569,0.44960413448110853,0.15133151021917204,-0.15379407266485337
PROT_0680,0.30041974600784976,-0.1362010328093469,1.5245826089626828,0.5239491337475194
PROT_0681,-0.41179268625334337,0.31097687756683,0.4666226326616264,-0.5903612100552613
PROT_0682,-0.19636485098029435,-1.228524582085089,0.12638559245838685,0.013198596667347386
PROT_0683,-0.7849422908792508,-0.2976069018763066,-0.5721916337292866,0.3182564509927268
PROT_0684,0.40389014722917427,-0.37807856912343984,-0.25580549922752044,0.9331430201059077
PROT_0685,1.4789413407333276,0.9933907953478492,-0.33523755806743283,-0.3404939269201124
PROT_0686,0.10901902968985068,-1.712672057768192,2.0007691296052688,2.1799179239419972
PROT_0687,0.15731230507251898,-1.2454739651030036,-0.7403905761599828,1.458192999147425
PROT_0688,-0.006220985846780918,-2.3478329436716705,0.6891245041961681,-1.2534616807784256
PROT_0689,-1.2314019758615615,-0.6441430978055734,-0.19904612051311169,0.1645341828736828
PROT_0690,1.325216666190689,1.8077013644178068,0.34883230908589646,-1.146509359302169
PROT_0691,1.2778511041712024,-0.14191057286370656,-0.2743845815729816,1.4987124551781192
PROT_0692,0.12584366723008455,-0.22717016534295156,-0.8810982748748272,1.195705830400537
PROT_0693,-0.08718996777552529,-0.15466700595866426,-1.6192536917082434,-2.8171708904869184
PROT_0694,-0.6071121487860649,0.6333253201102115,-0.6025383950430365,0.32959983386785374
PROT_0695,-1.9021273064223256,-1.118212954531061,1.0651486610612853,0.05116484077005761
PROT_0696,1.2811639304624913,-0.643013785761337,-1.1727853093907288,1.3314563513571058
PROT_0697,0.15576058362933784,1.1476138847648385,0.1558545293139788,-0.8767641812284687
PROT_0698,1.2461184592236578,-1.6014542082905319,0.02152441921730922,-1.1440343879630643
PROT_0699,-2.1005586189571477,0.047373875475378774,-0.02896626363373519,-0.7973239556652438
PROT_0700,1.215729141182322,-1.8271688524499996,0.7311628179573227,0.3511278897768007
PROT_0701,-0.879241626715445,-1.2119214231358064,0.30823165489586835,-0.12002069692799322
PROT_0702,0.975244573134873,1.5602514019700229,0.31900125062279705,0.8816636858565952
PROT_0703,-0.9619643216697901,-0.13710439513732256,-0.7906713334853002,-0.6912453934280636
PROT_0704,-0.027362900162250795,0.043371016635784986,0.9798192520861659,1.2006240370229615
PROT_0705,1.4414356586465364,0.15596699040797274,1.24919207262956,2.033953346810504
PROT_0706,0.7671360999389188,-0.4160666461287422,0.2699971642077013,-0.18236202847994176
PROT_0707,0.9877591244431506,0.0304695678608771,-0.3985913439888558,-2.7207293134670447
PROT_0708,0.20307497512051748,-0.14909205939854406,2.1453848609221855,0.15459140737438937
PROT_0709,-0.5264475189839082,-2.6131387753223008,0.6593965450306289,1.221179228580468
PROT_0710,-1.745562614804834,0.5544122482344559,-0.20143286361014454,-0.5473084276814713
PROT_0711,-0.016035664950649495,-0.025164693620544295,-1.6294465720036417,0.30074631985810424
PROT_0712,-1.5024772394682158,0.622295851307621,-1.8137042347436978,-1.3684520311038848
PROT_0713,-0.009740296690110983,0.09637637676005556,-0.9153395638688637,-0.03786849679375682
PROT_0714,1.246927236320429,1.3641519562297544,-0.27658370135724797,0.6981930782388653
PROT_0715,-1.043794786123977,0.43390572714247305,0.7037601194016618,0.7427795523709333
PROT_0716,-0.3033646835987716,1.6343741701225334,-1.3924333167216703,-0.6838328817777094
PROT_0717,-0.6464933353289675,-0.1843603966957296,1.2217257354528233,0.8882435745342677
PROT_0718,-1.2322190894960676,-0.7189147691253747,-0.8971203927610386,0.5222131025399687
PROT_0719,0.14676830475613756,-0.2670723048105639,0.030981153500133224,-0.05883482334810851
PROT_0720,-0.574950343909142,0.8381320421453008,-0.6145177812240807,0.6767175275693917
PROT_0721,0.954070995864104,1.347221786881129,-0.07443135243412015,-0.4456911910058814
PROT_0722,0.9117677906808189,-0.12148871552754276,0.4513489615152067,-0.4676200447108938
PROT_0723,0.3914555911186132,0.29131346528713686,-0.8705550209416065,-0.6051176362373123
PROT_0724,0.7888734646036014,1.49512776425989,1.054603887924422,0.9804873655658849
PROT_0725,-1.0604234058560906,-1.1591522179016929,-1.377111763476146,0.7302357399323067
PROT_0726,0.2471536259348236,-0.6866187044477255,0.6886932193110133,1.010174062651918
PROT_0727,0.4187995224286085,-0.46455181294811243,-2.478071341666543,-1.7849179579377596
PROT_0728,0.11156565407434914,-0.34422925158055906,1.47137171948773,0.978423349053643
PROT_0729,0.8805646356813482,0.8193885992334604,-0.23427690933587433,0.47650412887771265
PROT_0730,0.29485271426913634,-0.667812447463519,0.12392466878500615,-0.058170913360767504
PROT_0731,-0.6991767864770043,-0.30629665437502773,-1.0304106499845664,0.8563898333327618
PROT_0732,0.5641721874071826,1.5830718562531165,-1.4949928650472464,-0.2484860803996284
PROT_0733,-1.9149148577795818,0.866427693785872,1.8157358237680814,-0.8475857276983736
PROT_0734,-0.2953572942932332,0.062429541819239216,0.5661213738981837,1.1315083132198251
PROT_0735,1.0178277966453617,0.12696305170538277,1.0789784389317862,-1.1774050091027117
PROT_0736,0.18058493911071385,0.6371808607924739,1.0668371814780817,-0.420662574659053
PROT_0737,0.6242587391259576,-1.1716743867613852,0.67535395954502,2.7050270413398008
PROT_0738,-0.45063484991490743,-1.104360053508579,-0.25484238963308775,1.5844393085574726
PROT_0739,-0.13830822962517175,0.2860307769467149,0.6077437246745065,0.26973710110340016
PROT_0740,0.3319177342398979,0.682076842816623,0.8812910195175356,-1.32450599796307
PROT_0741,1.1437132647834358,-2.3102361371040834,-0.38100959400021545,0.6578514133312952
PROT_0742,-0.07935979125765295,1.2518634138254319,-0.2583621950948175,-1.4461577252536153
PROT_0743,0.059462443211812495,-0.38489864482746045,-2.129686812366184,0.9951299539427373
PROT_0744,-1.3754095123039105,-2.4668945824152186,-1.8575704454245214,0.41605916899098466
PROT_0745,-0.5473439868776658,2.3518825386144346,-1.031652943055984,1.283725967978402
PROT_0746,1.0079659876329607,-1.9127167645966403,-0.33520587660599693,-0.5514444646737734
PROT_0747,-0.10911685394165874,-1.0879661131934408,-0.7390016215428864,0.7751167901442618
PROT_0748,0.7326807348831378,-1.2118390743887688,0.860092117708677,1.284432294683763
PROT_0749,0.48457283341318713,-0.5412578527955488,1.3978549523551482,-0.0831948654059575
PROT_0750,0.4454225518401777,-0.25772984251718956,0.024416191598083718,-0.4060464777505347
PROT_0751,-0.40022545603427256,-0.898550576365388,-1.5343673544416232,-0.47389135668237664
PROT_0752,0.43101529319015,1.1466025530221629,2.4031224839829783,-1.5192135293863303
PROT_0753,0.0848657716031624,-1.3646567144224682,0.5721978087060706,0.28990899008700605
PROT_0754,-1.2122829080221371,1.5107276494145414,0.12298957281351333,-1.1949071313143906
PROT_0755,1.5428384443193817,-0.9812095433624753,-1.213266393879757,1.5509041569020527
PROT_0756,-0.1373137735460949,0.19661676259994282,1.0906522503399898,0.07983624453684672
PROT_0757,-0.4960328789660077,1.733908999641215,-1.2676102576270085,0.3446277065845485
PROT_0758,-0.607847658978286,-0.566277631690824,1.8384249143373563,0.7308177684206305
PROT_0759,-0.5637995841689684,-0.7936272458327486,0.17399435240252303,1.4238748623761321
PROT_0760,-0.6982980761022922,-1.621530394689106,1.3660678830559907,-0.5431948351905629
PROT_0761,-0.8021558972332342,0.6811983717562927,1.0198249132064086,-0.8150448768475645
PROT_0762,-0.35266189676931986,-0.25345274925432193,0.27723995677141383,1.1717745517381792
PROT_0763,-1.012876709739422,0.6625901844735422,-0.5651462877988759,-0.3963270227554127
PROT_0764,-1.3392918712090822,0.23793824868541139,-0.4319336297148787,0.45674415674357843
PROT_0765,1.2757740406031939,-1.3292287955886726,-1.1693730889731662,1.238283130507825
PROT_0766,0.5524622111684389,-0.3232211929737868,-0.6751104422452208,0.7114083478782471
PROT_0767,1.765696081029508,-0.5224034170793735,-0.46668588039199915,-0.8125289138189193
PROT_0768,-0.710832894589385,1.874075774165399,0.033139564475270125,-0.5380437336888801
PROT_0769,-0.3353815735790443,-0.5571388628178614,-0.12158498277122275,-0.47284002671241565
PROT_0770,-1.2005337999678758,-0.0039366072421741505,-0.15339851650306027,0.3086271615853031
PROT_0771,-0.4566881933555376,0.38492350256714686,-0.15894299005382997,0.9408057106419497
PROT_0772,0.7874183064418808,1.4868748874439321,0.6498366967994484,-1.799585298562349
PROT_0773,-0.2357846784549172,0.07660955655651586,-0.39485833821467325,-0.5925860134917832
PROT_0774,0.7257842804942206,-0.5072469257052601,1.320005768474267,-1.659367808129392
PROT_0775,-1.6416528463590498,0.04860210865031974,-0.1588311370909643,-1.7641094838829077
PROT_0776,0.4483799884178937,-0.4363063653330224,0.14560748680260951,-0.5652835881328753
PROT_0777,-0.03385575772639043,0.2873313070535351,-1.167122095938712,-1.1339420695804485
PROT_0778,1.5254778003252074,-0.17919703397309833,-0.33367500440959613,-0.6415905346925015
PROT_0779,0.6147699524546383,-1.274041718557831,-0.19150552619706893,-0.3598162809596048
PROT_0780,0.2759603706930757,-0.2701995350928649,0.937977576458479,0.3111800837769904
PROT_0781,1.2706844423702648,0.15725267850026328,-1.6747023145711164,-0.5568297818029359
PROT_0782,-0.7787298800523058,-1.287692782982103,-0.6757930508868704,0.3500754126420855
PROT_0783,-0.6344274587600155,-1.2163127715749131,0.22811969173546862,-0.1495118160190408
PROT_0784,-0.6966873861182751,-0.274571842916324,0.7126170530424435,0.2520763722374778
PROT_0785,-1.7437483990686042,0.8073492153545964,-0.2991987597694794,0.6459412517818693
PROT_0786,1.1437477154326046,-1.6703114658465439,-0.8159911739377677,-0.6050829679185983
PROT_0787,-1.093425612380987,2.2280407734718137,-1.8583576998917362,-1.6106904603324925
PROT_0788,-0.9299016793529791,1.0792192356986618,-0.8146151206409341,1.0174921604077003
PROT_0789,0.6855285411358046,0.37387826434741156,-0.3117733274497364,-0.7088760600920464
PROT_0790,-0.6058835250901268,0.34902344045510236,1.372013490056455,0.4909881798495432
PROT_0791,2.0373610224294367,-1.3492427465303694,-0.8155518423148789,-0.45097756030840963
PROT_0792,-1.4684649517295973,-0.2668210889389603,0.7545549451746675,-0.22534449851863045
PROT_0793,2.4282551117643467,0.19403885179078278,0.5221648452795711,0.6472371251397488
PROT_0794,0.4971380255557214,0.347140198955925,-0.08409941313556746,-0.5699298534309067
PROT_0795,1.3020889333559356,1.2977267690428391,-1.2233714942561429,-0.8657195123237134
PROT_0796,0.3324961741673728,0.22279432684122774,-1.1164572976966993,-1.4067820279648906
PROT_0797,-0.5980478811769646,-0.13892426829985252,0.027650906377265003,0.838503109847878
PROT_0798,-1.5172125165511687,-0.8668126212552563,-1.2312435223372986,1.3881249083480545
PROT_0799,2.432178594755678,0.013560500292509858,0.059312824585790555,-2.081334510519736
PROT_0800,-1.9244586528031193,-0.8284752459096146,-0.0810779990286043,-1.1408239335852826
PROT_0801,-0.40626365943433335,-0.3658416349233719,0.6000484864077898,-0.4478333093752148
PROT_0802,0.013070815454905274,-0.30901184409256666,1.7820581535573787,-2.3382816134153335
PROT_0803,1.6314020409930108,-0.11209191416952038,0.6001315942534241,0.08002658155545449
PROT_0804,0.22459661218543508,-2.6988634829315052,1.2306495702786495,1.555409235237405
PROT_0805,0.5709013836334113,0.0503661397553282,0.4285040655600429,-0.09600553314681051
PROT_0806,0.5079971643384847,-0.3822379063336603,-1.5508033632827334,0.5033451145106979
PROT_0807,-1.909246291987203,0.0551384362443647,1.5884327469271071,-1.3370120674948913
PROT_0808,0.2254267331480464,1.4093030942113767,-0.37025040314599256,-0.3180752947345825
PROT_0809,-0.20796493310204486,0.9448384783693975,0.39915424609788724,-0.29560374619696567
PROT_0810,-0.1480474799815902,0.5258315260955806,0.5695693672841179,-0.8656510233860992
PROT_0811,1.5004004778785607,-0.2379722918517303,0.3925353037234331,0.5064739708596805
PROT_0812,-0.3411290875130102,-0.01873410768231044,-1.4440717887360952,-1.0157152307182782
PROT_0813,0.8298570382149759,2.2776767981404844,-0.13020479933850151,-0.1754624536857772
PROT_0814,1.0665335374182505,0.38262702227426243,-0.9490439407451415,-0.3926957319423872
PROT_0815,0.8796028753977877,-0.4528785084060415,-2.0004905788023084,-0.48503967214977667
PROT_0816,-0.30679427930555625,-1.2527068476926069,-0.8922871820703139,-2.026859475493993
PROT_0817,-1.5926686628514233,0.7985601736728061,-1.1506344184766033,-0.3726980388970189
PROT_0818,-0.6086352775748012,-0.36091342945783206,-0.15406045197238039,0.22227389000052433
PROT_0819,0.04107566572182631,0.7612782478514359,-0.821308536549937,-1.6060643925732583
PROT_0820,1.2124892082028547,-0.7880647907420038,-0.6666376580506159,0.2936523627024892
PROT_0821,1.0623400335496835,-0.4463892512645369,0.7419330878435196,2.3727994429502277
PROT_0822,-1.3232891073477302,0.7265983620775156,-0.5405757198516835,-1.4586044582605295
PROT_0823,1.5146317389632684,1.7487590899930459,0.35915634352333,0.7180185464421577
PROT_0824,-0.5234476090048877,-1.01122106462962,-0.7341058413112382,0.019597481235556293
PROT_0825,-0.42390640849599276,-1.7129078975005791,-0.22857706521594717,-0.4956824075109699
PROT_0826,-0.3416978257074983,0.37469483749680427,-0.9923262080189674,-0.4275386295908557
PROT_0827,-0.3634615380938772,0.8952818510273061,0.06625303206168565,-1.0243487524749078
PROT_0828,-0.679255394960449,-0.7180683524641341,1.6387287040999376,0.4153080402073578
PROT_0829,1.136900642790342,-1.4349236631910387,1.1693958745578996,-1.388713385905697
PROT_0830,-0.3922623315811855,-0.33196306307867707,2.189346384583667,0.16985762146742345
PROT_0831,1.1814653755761793,0.12212385739528063,0.3019434289642009,0.11417577712967972
PROT_0832,-0.4791016805831971,-0.44273804948985385,0.3862272946451907,-0.733741893152837
PROT_0833,0.03665306756222187,-0.06514245189352093,0.10851265651357507,0.42489558415206535
PROT_0834,0.3480321473010459,-1.2390278889438218,-1.2355018597196932,0.2673399547199821
PROT_0835,-0.16728590827466636,0.6674457007755148,0.971138322894667,0.7194729853774839
PROT_0836,-0.043081739284800843,-1.5756415512561204,0.9364536175300217,-0.5544944603578479
PROT_0837,0.7406513715481394,0.08907080415161957,-0.9850814019148563,-0.080095741585308
PROT_0838,-1.2606574120792382,-0.7752985501264668,0.6815403467131946,0.2558330964323215
PROT_0839,-0.32624099437166615,1.739571974969459,-0.05669683348460862,0.9311074862992125
PROT_0840,0.004077404823348327,-0.4248174405602444,-0.8927426491709161,1.5360668351900628
PROT_0841,1.8291574232378705,0.24913801993678764,0.531407227882378,0.09276896210227117
PROT_0842,-0.7607617214468317,1.0298883147082414,-0.21167424878787613,-0.859818237393557
PROT_0843,0.09754487881522467,-0.3587277238260539,-1.635377454297962,0.02937484555516013
PROT_0844,-0.939804332073261,-1.2696271238026924,0.3906421810027199,0.9030417120478189
PROT_0845,0.1443155334641955,0.5177937369238422,0.7579014740855126,0.1896056855467403
PROT_0846,1.1412901065442005,2.3114044768581574,-1.151995319634303,0.021372411939746313
PROT_0847,-0.03287824771044305,0.365476778869376,1.929620627041884,0.9737944504282272
PROT_0848,-1.2022440141082344,0.851456343628043,1.501778737516108,-0.923932660681128
PROT_0849,0.22615349815318578,0.07214500091379285,1.5021165564411922,-1.3148981146182683
PROT_0850,1.5490100824906472,-0.586544705376438,0.41258335473954055,0.5338411387026915
PROT_0851,-1.2336788679661566,-1.126698580740459,0.09351553467975375,0.8294631049578962
PROT_0852,0.49155692160934067,0.5506876441977636,-1.4373310396771461,-1.9940755976156925
PROT_0853,1.9315128358802045,0.36075056501067865,0.7748911252705852,-0.23233707748273233
PROT_0854,-0.6368634997332261,0.6339482345023889,-1.266209332633198,-0.22022290413383214
PROT_0855,-1.9093804655271476,-0.08261535320143533,0.7877266407344893,0.27624117487091193
PROT_0856,0.3214905854268347,-1.1302977592406611,0.34468856521373986,-0.5305594702596904
PROT_0857,-0.3795788260743434,-0.6247269797107925,-0.6379158011498104,1.9952289748827214
PROT_0858,1.13084418414987,-1.242218911454797,-2.6294919360499285,0.4311046571734213
PROT_0859,0.6510220063359352,-1.064954011569557,1.8391020802137057,-0.28273194021277004
PROT_0860,0.9849451511934656,-1.2649853522664214,-0.9292319219604699,-0.045427093644771266
PROT_0861,0.225298266274332,0.40561227001571193,1.0927308772137068,0.8620633295686644
PROT_0862,1.2231448814294543,1.3554033663800589,1.5350635577994893,0.026285490828279984
PROT_0863,-1.2443998049706189,1.3736243747945538,-1.4923185938494148,-0.6417646173608602
PROT_0864,-0.738842920229623,-1.1785921117600902,-0.5963154732673706,0.48181253150284953
PROT_0865,0.45607113610896804,0.20430563119610265,-1.2102607598081072,-1.3354277518512305
PROT_0866,-0.6222479495943748,-0.6096261807973725,0.4577169360683598,-0.11617973175768694
PROT_0867,-0.9812700393260502,-1.049516977812556,-0.46201241529384696,-0.009058137501045067
PROT_0868,1.2067406065505684,0.13086485643237922,1.3028187267377254,-0.4408310420874136
PROT_0869,0.05681396293564578,-0.1948000632487612,0.030659191610033207,-1.3850107393183368
PROT_0870,1.171945203403861,1.106559389349387,0.16439402214612894,0.1884089995094964
PROT_0871,0.48965967986681513,-0.2314179436018668,-1.0607996548550005,-2.076087584704241
PROT_0872,0.5203006056174666,-0.11914883836398389,1.4413935086413499,0.9259495644158067
PROT_0873,0.3466235725551929,-0.6393379145576107,-2.1226778241575293,1.1607556719693366
PROT_0874,0.23041522898055225,0.5142256581432343,-0.5783336961097694,-0.21839824423827817
PROT_0875,2.1668243623288492,-0.7392701410061153,-1.0667934508138666,-0.1883668435828015
PROT_0876,0.43881646321985995,0.28042209642843835,0.5417616953786245,0.7217774009507022
PROT_0877,-1.6576712490055745,-0.39896847525474644,1.8389163545889644,-1.4834588478589652
PROT_0878,-1.0522810902781627,1.0773075872276805,2.2764013698009786,-0.22839407387031757
PROT_0879,-0.6793625699846351,-0.7725092324483264,0.35509655088151937,-2.4577418690510573
PROT_0880,-0.04787770670548656,0.5628314451194829,1.6538451788982529,0.318372197469043
PROT_0881,-0.3371247970461796,-0.7352267341584752,0.44099990639784703,1.7608272524485087
PROT_0882,0.13005943820112148,0.38470145544072976,-1.685647873079954,-1.2233340171168465
PROT_0883,-1.5928304834254712,0.48745249888139425,-1.0019820225600389,-0.7842596220225679
PROT_0884,0.47686037065896864,-0.23400831751563875,-0.5609104224542004,0.5828460317216638
PROT_0885,-2.097075008138416,-1.8027438115215768,1.8390144727878524,0.38417086309630877
PROT_0886,1.0496160087746167,2.015713128650902,-0.40872598309171065,0.46216963396725486
PROT_0887,0.16501044650252725,2.3893532152909924,-0.04718234038719585,0.10243764239754023
PROT_0888,0.5581888124256871,0.35988462821234923,-0.024477184610254967,-1.6245603080053452
PROT_0889,0.4754021559918624,0.272836399076011,-1.1595468491024683,0.5077657567194326
PROT_0890,-1.1008765662961373,-1.00074083756574,-0.9556769429515392,1.274157271323766
PROT_0891,0.9367938084182713,0.2543113897422693,-0.8463741629845848,-1.204882072453314
PROT_0892,-1.347310616007013,-0.17302597476310683,-1.5650630971702058,-0.4840796629238836
PROT_0893,-0.4223958532243679,1.8771964473530536,0.4081334800587489,0.4456916924966013
PROT_0894,-0.1383146137327422,-0.28956966998368294,0.9121539187530852,0.08013128171338023
PROT_0895,1.6550326103927018,-0.23315017236648303,-0.2147300531575647,0.25274360909288673
PROT_0896,-0.5168483268916084,0.7089441706854126,-0.8588327363346023,-0.4335818791708318
PROT_0897,0.6505118320259166,-0.4120586733593232,0.43902557424055444,-1.0279831381330573
PROT_0898,-0.15143098611614375,0.09254159493797139,-0.3775795399932712,0.7169245121396497
PROT_0899,-0.8902067839452629,-0.43591011639858507,0.860274388875345,0.6044462604922212
PROT_0900,-0.461738337578561,2.19178796208437,-0.011173987570564946,-0.23656392993755423
PROT_0901,-0.5347732438584435,-0.2150306844148575,0.03503784364598065,-1.6325995856925948
PROT_0902,0.1468484640861939,-0.32718981807195385,0.0732230155943678,-0.5196632777733806
PROT_0903,1.2466990860549836,3.01549229247223,-0.33785852146519557,0.07133706452740385
PROT_0904,2.115017323671848,-1.153967127520575,-0.747259080977364,-0.20997621357230742
PROT_0905,-0.4547791512573756,-0.5037142260487927,-1.3847641346166175,-0.12935045778863627
PROT_0906,-0.12911333454446455,-0.10875707934368918,0.5299402350476673,0.9472285974505432
PROT_0907,0.977285990325574,-1.8020341345216613,-1.7691211819938584,-1.3981983461396743
PROT_0908,-0.37697235214511177,-1.3377022350139507,1.2575860829492247,-2.039809144067627
PROT_0909,2.5171057239216936,0.3410796394081074,0.1644644501177733,1.0763396048987313
PROT_0910,-0.08498208594681489,-0.6671502532027024,0.33750486782572575,0.5642482650332179
PROT_0911,-1.3039198437865922,-0.6286978267432409,0.9380216408672176,-0.2655616504671767
PROT_0912,-0.7812241686984815,0.5186544202601687,1.4213299178747567,-1.3007226590481669
PROT_0913,-0.6076786596222167,-1.4127418314640867,-1.4157600231643632,-0.12035032994603072
PROT_0914,-1.0369258013894114,0.44398955594464795,-1.0505850703405504,0.07624040082423028
PROT_0915,0.0019912811877595667,-2.376570545790388,-1.612113131812822,-0.17575330115197121
PROT_0916,0.3942418454665132,-0.534937350088474,-1.692723775298969,0.560978951445183
PROT_0917,0.5556386906123313,0.24971732501388538,-0.6080634249379211,-0.6394976781206564
PROT_0918,0.15167986632071137,-0.2300071555239069,-0.604180639595871,0.7785010301122816
PROT_0919,1.2033900368847548,1.68557807865342,-0.8504143319767684,0.7619750923874571
PROT_0920,-0.09117245406358673,0.682897291719481,-0.58614388573451,2.4310149031708406
PROT_0921,-0.23602114862737944,-0.10753168487591978,-0.3895999150450108,0.24552177975234363
PROT_0922,-1.8991861179541885,0.10897916699657913,-0.9458686467669758,0.3816030847732176
PROT_0923,-0.2690766393793964,0.8110235901324917,-0.9902851927114606,2.293055594036747
PROT_0924,1.1549552200351323,0.6713047630113776,-1.5474461336237644,-0.057079769209998237
PROT_0925,2.660510433750304,-0.192515708658883,-0.07330866361653028,-0.9697777419821826
PROT_0926,1.0007266608693568,0.5113966258787105,-0.3528190121693424,0.2931606297525195
PROT_0927,0.17540873440812463,-0.23007307501314972,-1.1583238542611645,-0.7976785712971423
PROT_0928,-1.0255463683899235,-1.1445570155146347,0.3359324815764008,0.5016600254336183
PROT_0929,-0.48647015169074115,-0.9719628889131139,0.3533443109790827,-2.8366099549917405
PROT_0930,0.22121091210245777,0.4061831870796729,1.6676425937497317,0.8099898700650017
PROT_0931,-0.998724290236409,-0.05867003899749128,-0.045193784897823254,-1.0050404769480692
PROT_0932,0.5620506166389421,-1.8098007443401098,-0.22280481689009735,-0.9498654190210349
PROT_0933,-0.7914269631807113,0.45469309406234953,0.481959900458381,1.37794280360236
PROT_0934,-1.1243644078161084,0.8413416552447786,0.4842674495680574,-2.059979593454474
PROT_0935,-0.7433920980472669,1.2276303597814981,-0.401363075286961,0.26311378024203197
PROT_0936,-0.18672897185664805,-0.6232814818277844,0.44956625790636506,-0.578267120358862
PROT_0937,-0.8416856825713674,-0.38926451759132774,0.6930253324349754,0.0816217896784871
PROT_0938,0.7796431627171395,-0.5460783690925274,-0.10071121603902505,0.45539129162341097
PROT_0939,-0.543117637286254,-1.504661146880196,1.9833388608449154,0.5094782498098491
PROT_0940,-0.12687212452401933,0.3965363282536912,0.12596914281680427,0.554469284110358
PROT_0941,2.078437198998258,-0.5113911852479102,2.5437119743505767,-1.5338811827238419
PROT_0942,-0.3771206680621833,1.3726793553832486,0.7762751914672016,-1.7713354387398563
PROT_0943,0.2536407918507239,-0.17102564746428742,0.5733369331776551,0.0942362496941392
PROT_0944,0.2864784905135613,-1.4122433117037083,-0.8076196788351612,0.6497940550991503
PROT_0945,1.9209063662126784,0.024551928370328095,-0.07455653100959249,0.33349586941052217
PROT_0946,-0.8012987642786711,0.06578770236531939,-1.3600639930660805,0.9279539968452992
PROT_0947,-0.8989297683343158,-0.13009490613456373,0.04708823317175638,-1.1876712075081781
PROT_0948,1.2786666072560637,-1.7136419165329018,-0.7704396162708309,0.6263195262567739
PROT_0949,-0.07625944838966775,-1.1855868028005871,2.8224563119017843,-0.8181731486872398
PROT_0950,-0.1960802403113739,0.5297769137752696,-0.31639170520800675,-0.512098424513836
PROT_0951,1.048368654181608,-0.36600277369876033,1.159063406535821,1.173485776258088
PROT_0952,1.895179725240916,0.4817706609928447,-1.7604489768971912,-0.8088756838742408
PROT_0953,0.17352260107600737,-0.09387674746336634,-1.1072022362574563,1.143725446530343
PROT_0954,-1.1814892460043125,-1.2736406694718365,-0.847096707947257,-0.49262090538779163
PROT_0955,-2.006481042153489,-0.18368349887548904,-1.8597794155545149,-0.1459954340003145
PROT_0956,-0.12430432568183074,-0.4046970557199023,0.16659605755462403,1.02941354851495
PROT_0957,-0.4418591893403445,-0.9518377997418057,-0.6676755603878253,1.0942844129147828
PROT_0958,0.727080980115031,1.5673988555864167,0.36836181242010757,1.7552865383859713
PROT_0959,0.4860279310661593,-0.061596615530987955,-0.9047214644127832,-0.4802985785395333
PROT_0960,-2.068324997530766,0.6712888955208955,0.9453174224223035,0.19595267146844333
PROT_0961,0.7680700938356657,-1.181402185316312,1.3186053922706036,-0.018475347998926167
PROT_0962,0.30782318703534906,-0.1454711759569797,-1.5269180177365382,1.0193616639413838
PROT_0963,1.2334444708609096,1.6150415170008272,-0.21483893378963712,1.0359167921640995
PROT_0964,-0.8874309236507133,1.5491568461777843,0.34354259878835575,-0.9892982680368562
PROT_0965,-1.6205671019173336,1.1108742894689247,-1.6234984806621375,0.2374947602525573
PROT_0966,-2.725241611080673,0.7954910804200473,0.7993560287135606,0.12600803487951714
PROT_0967,-1.3860272606998847,0.19148945757805752,-0.56228381474197,1.1808536445942617
PROT_0968,0.33381747093224823,-0.5657531569770206,-0.61369156100452,-0.26648466637798346
PROT_0969,-0.26121087534542586,0.5209073779665848,0.29974474897736614,0.5769799580153886
PROT_0970,-0.0028564290048197593,-0.24399213358034794,1.4245352268945413,-0.761625473083566
PROT_0971,-0.8123711472619034,-0.5521786760369507,1.8265537971334647,1.579100034084104
PROT_0972,0.6864227900094715,-2.0157119012129425,-0.1325380206638203,-0.24505279274659872
PROT_0973,-1.8314496644627762,0.12733277566580897,1.6963800127697464,1.0442801164600253
PROT_0974,0.5144369396968286,-0.5223769086681983,-0.1290423384001229,-0.9428671467674137
PROT_0975,0.33510950308630916,0.4821264136927742,0.7435258962263379,-1.0516656390327792
PROT_0976,0.9323826728378009,0.638525274519725,-1.393412755548696,-1.3562896985716397
PROT_0977,0.5006184446655091,-1.237630697836132,0.2335852128100057,1.5823713412107507
PROT_0978,-1.697226342726174,0.6665736849184682,0.6965496292947967,1.1287137619057852
PROT_0979,0.7164001624961036,-1.1832503816297093,-0.5541673161587226,-0.47477373112799404
PROT_0980,0.15057455213873847,-0.037022508164054266,-2.3882544970255677,0.4128694305484767
PROT_0981,1.8416423595157996,-0.24481857740972296,1.0469742451736808,-0.9154600021783316
PROT_0982,-0.9925364609898878,2.1009478737931913,0.26812111217546025,-2.016458536770962
PROT_0983,0.6147990751437878,-2.0885636916471944,0.39601051138765114,0.899012850885161
PROT_0984,2.3429271699514604,-0.3291638465837976,-0.44155324843775773,-0.0656371304503814
PROT_0985,-3.5360632876849962,-0.9348968359872247,-0.8706160539653787,-0.44575709806154395
PROT_0986,-0.6455716336795294,0.3513493498472938,-1.4563512616096548,2.7607033257919804
PROT_0987,1.305877872023445,-1.6670846789055298,0.3456776585296729,0.8429018597766672
PROT_0988,-1.7677660848214518,0.5399553094977765,-1.2600274942600818,0.31992966726383504
PROT_0989,0.5592338271153301,0.12463016921216903,-0.5894393343618084,-1.7973140693249305
PROT_0990,-0.3725666448036678,0.7363337805171603,1.8030782073344405,0.23816783820677276
PROT_0991,0.1587994859486386,-1.2202465989576232,-1.1471852891660266,1.1607530057042759
PROT_0992,-0.17148277657321692,0.1809938876836336,-1.705266178500472,-0.7613659815750125
PROT_0993,0.9957883650269803,0.1019525849395873,0.40833433918054945,0.24771831579727877
PROT_0994,-1.5094537646621782,-0.17016805650312247,-1.3045370193914338,0.08185749404890026
PROT_0995,0.4234161076077521,0.7328673886619489,0.511857787753587,0.3486234748418702
PROT_0996,-0.928409308233626,-0.3869784538879391,0.3562703043885789,0.8833787616615101
PROT_0997,-1.468662428601816,-0.2520851791945548,-1.4757112829863968,-0.8111429150974414
PROT_0998,-0.7174226165810194,-1.174022718767116,-0.666447205823262,0.21830576695566473
PROT_0999,0.5603067040799823,-0.40130686530214715,0.09609362804940598,-2.4634240529448417
